1.407845095847873716e+06,3.793010380833750084e-01
1.407845037272989750e+06,3.751411446187903342e-01
1.407845019105538959e+06,7.621733249947096889e-01
1.407845030085111503e+06,1.878982046570811582e+00
1.407845029379050946e+06,4.851986473446152082e-01
1.407845019139847485e+06,1.622400658669881646e-01
1.407845006356662372e+06,1.625150557304187449e-01
1.407844998750001658e+06,1.833404824268827504e-01
1.407844990424497286e+06,1.485434861917885874e-01
1.407844987996420590e+06,1.344881947350482776e-01
1.407844989862618037e+06,2.017761366990026561e-01
1.407844988897057250e+06,2.282249678800955806e-01
1.407844986000442877e+06,5.655480902134055743e-01
1.407844982967050280e+06,5.758813917046908815e-01
1.407844979499132140e+06,1.804486292748380016e+00
1.407844980265196646e+06,5.051982098447621583e-01
1.407844979847688926e+06,2.527139444602252705e-01
1.407844978651426034e+06,1.286750641365992098e-01
1.407844978353277314e+06,9.789788674348420816e-01
1.407844977817417355e+06,1.011455357884652351e+00
1.407844976694984827e+06,1.006627344276239899e+00
1.407844978493792471e+06,1.009331512834648059e+00
1.407844977849129122e+06,1.006845662069655978e+00
1.407844977793594357e+06,1.007333464896337016e+00
1.407844977804828668e+06,1.004479190528157817e+00
1.407844974674409023e+06,1.006550767147991188e+00
1.407844973825641209e+06,1.004940342113368912e+00
1.407844973397870548e+06,2.635325005971852264e+00
1.407844975010202499e+06,2.635855177913720038e+00
1.407844972881025868e+06,2.642693850223878815e+00
1.407844968994255178e+06,2.642123472630479419e+00
1.407844973924268037e+06,2.977194039760431288e+00
1.407844881278042914e+06,2.968680409666581088e+00
1.407844881795439869e+06,3.254817413968782436e+00
1.407844883485357044e+06,3.555205727626865375e+00
1.407844963027655613e+06,3.896567413628482690e+00
1.407844913159100804e+06,3.767198572600716666e+00
1.407844913051558891e+06,4.015612081245392595e+00
1.407844536369682522e+06,4.313380330357560410e+00
1.407844842291669454e+06,4.069891822542879289e+00
1.407844841446843231e+06,4.075482029813507268e+00
1.407844849573158659e+06,8.156517773722383069e+00
1.407844849773230962e+06,8.186711110035574279e+00
1.407844850589665584e+06,8.426539081569913492e+00
1.407844823249620851e+06,7.477455382244728277e+00
1.407844811717012199e+06,7.738104584098016048e+00
1.407844617546164431e+06,7.706284811349762620e+00
1.407844538457770599e+06,1.190526237111123820e+01
1.407844582695496036e+06,1.187180323253949155e+01
1.407844584546311293e+06,1.189488499410303568e+01
1.407844187426092103e+06,1.184575058808362158e+01
1.407844182810685365e+06,1.186773187906526061e+01
1.407844189955459209e+06,1.187493387210463780e+01
1.407844565921154106e+06,1.560715117693886711e+01
1.407844203495309921e+06,1.522402889032728268e+01
1.407844064976368565e+06,1.533100229862355413e+01
1.407844186490074731e+06,1.566913267072002647e+01
1.407844621794278966e+06,1.702784247996038758e+01
1.407844627204061486e+06,2.175533724722549422e+01
1.407844471168624470e+06,1.544699050211039726e+01
1.407844186552854953e+06,1.642974109478484124e+01
1.407844144767564023e+06,1.556508855070197228e+01
1.407843756657938706e+06,1.557960635849909359e+01
1.407843915292452089e+06,1.626687211007703837e+01
1.407843599712388823e+06,1.586668455105313313e+01
1.407843057159938151e+06,1.580287313452087261e+01
1.407842096612364752e+06,1.582505006647557977e+01
1.407841685212087585e+06,1.613980275466838776e+01
1.407840239368017530e+06,1.171819037779510211e+02
1.407840238519447157e+06,1.171816452504560715e+02
1.407840234816230368e+06,1.172081459106383790e+02
1.407841689210815122e+06,1.172472594895056375e+02
1.407842094804519555e+06,1.172445590483875577e+02
1.407839820720535237e+06,1.176361566285253559e+02
1.407839812169132289e+06,1.181707468540337231e+02
1.407839629990930203e+06,1.180139849354762873e+02
1.407838669865856878e+06,1.179343814910651815e+02
1.407840328812069027e+06,1.180215481008884666e+02
1.407839618785057915e+06,1.174251136281114896e+02
1.407838655698836548e+06,1.173421900484641043e+02
1.407838654721504310e+06,1.173430315027331261e+02
1.407836272345488891e+06,1.171899834225190347e+02
1.407838666487830225e+06,1.173364747583388805e+02
1.407838086435936391e+06,1.180839492731519584e+02
1.407838663621404441e+06,1.181514529146872405e+02
1.407836732066503726e+06,1.180522318626220084e+02
1.407838093557864428e+06,1.180786591192060229e+02
1.407838102019040147e+06,1.173470111682286756e+02
1.407838112106075045e+06,1.173152198646321409e+02
1.407836513527212664e+06,1.175146053985663031e+02
1.407836518858071417e+06,1.176319180543166567e+02
1.407836515506483614e+06,1.176405468024813104e+02
1.407836213035142049e+06,1.181795650771321391e+02
1.407836504510107450e+06,1.198277692994277288e+02
1.407835412484687986e+06,1.202180651010666992e+02
1.407835410815540701e+06,1.201432622152761667e+02
1.407835411602531793e+06,1.201410104039131994e+02
1.407830092667983612e+06,1.199634395045979147e+02
1.407830087206505006e+06,1.199591461805675578e+02
1.407829985164987156e+06,1.202038116126778107e+02
1.407829941545297392e+06,1.202280044950829563e+02
1.407829941656189971e+06,1.252189413490028471e+02
1.407829934575082501e+06,1.251132961058625170e+02
1.407820259648657171e+06,3.766195529032318063e+02
1.407820256179925520e+06,3.766308592808262006e+02
1.407819832280741073e+06,3.763307806177626276e+02
1.407819840445726179e+06,3.764081239926727562e+02
1.407818646112505812e+06,3.774228743745981660e+02
1.407818646872298559e+06,3.776995571217786960e+02
1.407817805862544104e+06,3.707390739160539965e+02
1.407806336315857014e+06,3.698211020847274995e+02
1.407806339137790026e+06,3.700412606832100550e+02
1.407806710347287590e+06,3.701033279964105418e+02
1.407809970954371849e+06,1.469293592362825507e+02
1.407809958796815015e+06,1.633735245635079139e+02
1.407809963549223030e+06,1.633886780090607544e+02
1.407809951794975670e+06,1.634370408956119434e+02
1.407809953169317450e+06,1.633150576564715664e+02
1.407809956327406922e+06,1.884241767351429928e+02
1.407809955148414010e+06,1.884083106309761888e+02
1.407801071496471297e+06,1.881281794694170628e+02
1.407801091677943012e+06,1.875761680654163968e+02
1.407793788584875176e+06,1.873562527261907746e+02
1.407801084981377469e+06,1.884777691597199407e+02
1.407798367790904827e+06,1.881085973084340708e+02
1.407798357300163945e+06,1.882250479052131880e+02
1.407798359833794180e+06,1.881691673933791833e+02
1.407798363662305055e+06,1.883199192806021358e+02
1.407798361894695321e+06,1.932134320811908026e+02
1.407793779370534699e+06,1.922339506778427847e+02
1.407793760148164118e+06,1.924147368743003028e+02
1.407793761524634203e+06,1.934339002216368044e+02
1.407774856104289182e+06,1.975844820985448678e+02
1.407774849360125372e+06,1.930857101249193590e+02
1.407774852986600250e+06,1.930713455489386945e+02
1.407759221293311799e+06,2.838978797437098365e+02
1.407759220880288631e+06,2.839977556361632764e+02
1.407759212721533841e+06,2.860356964013653851e+02
1.407759226313519757e+06,2.871896924566020743e+02
1.407759220764276106e+06,2.872772598496753176e+02
1.407759222511422588e+06,2.894461162331870696e+02
1.407759205370584736e+06,2.895804641214894559e+02
1.407759216432384215e+06,2.896836077515397392e+02
1.407757577101281844e+06,2.884328734910296248e+02
1.407759228160008322e+06,2.888367936695071876e+02
1.407759213516488438e+06,2.885941152019086644e+02
1.407759223670555977e+06,2.492004912476890581e+02
1.407751320009629009e+06,2.737018971790924411e+02
1.407751315728135640e+06,2.736336843974787598e+02
1.407751316076932941e+06,2.735597566426599201e+02
1.407751312878512545e+06,2.728305422359457566e+02
1.407751321064368123e+06,2.723728909093460402e+02
1.407751323646459030e+06,2.740672946969364716e+02
1.407751328478367534e+06,2.717820671840752880e+02
1.407751318063582527e+06,2.718148615449402996e+02
1.407736800105170812e+06,2.727273431033754605e+02
1.407736806427743984e+06,2.727520656198584561e+02
1.407736808759124484e+06,2.723603231415057166e+02
1.407724677491348702e+06,2.721928659374385120e+02
1.407724682197955204e+06,2.717720541753581642e+02
1.407733996304597007e+06,2.705283778476942302e+02
1.407724932493582368e+06,2.696870220033295595e+02
1.407724940163463354e+06,2.696785857373808994e+02
1.407724941202425631e+06,2.697081011468695237e+02
1.407724923531892477e+06,2.697031075509845550e+02
1.407724920004338026e+06,2.697086208156408702e+02
1.407721159832122736e+06,2.695457863382278560e+02
1.407719101093944162e+06,2.694310894392158389e+02
1.407719108244532021e+06,6.665890563386684562e+02
1.407710277373697376e+06,6.655809090957119452e+02
1.407702162714650854e+06,6.634558079492670686e+02
1.407702175601527793e+06,6.640932992723778625e+02
1.407702161276122555e+06,6.664506030707557329e+02
1.407646908100866713e+06,6.638557275941267335e+02
1.407646896931703901e+06,6.859549137448174179e+02
1.407646897987690056e+06,6.842649086643975807e+02
1.407646912065184675e+06,6.833914483697577680e+02
1.407646920480286703e+06,6.834917645556329262e+02
1.407646913091615308e+06,6.885995545957202921e+02
1.407646908714773599e+06,6.920806785046578398e+02
1.407646480704124318e+06,6.918274007960869767e+02
1.407646473817707505e+06,6.983149272052124843e+02
1.407697476203528233e+06,6.997172686819536693e+02
1.407676921415306628e+06,7.427453690574892562e+02
1.407676937517863233e+06,7.418284332019460408e+02
1.407676915218534879e+06,7.810618451422776616e+02
1.407676911161515862e+06,8.059075243294722668e+02
1.407676938557605492e+06,8.799122715483473485e+02
1.407674507257309509e+06,8.800031918985791890e+02
1.407629273310571443e+06,8.824521746654675098e+02
1.407629271985183237e+06,8.831109568992883396e+02
1.407629261645560386e+06,8.837468933003742677e+02
1.407629277538848808e+06,1.755857418645480266e+03
1.407629274002145976e+06,1.756012950890600905e+03
1.407629265611798037e+06,1.756270709678632784e+03
1.407629254301518435e+06,1.756391547627178397e+03
1.407629252285724506e+06,1.756352579180519797e+03
1.407629257853486110e+06,1.770646325830469095e+03
1.407629248141114600e+06,1.822310100545942760e+03
1.407629260067992844e+06,1.820532730222957298e+03
1.407629265064934967e+06,1.820323714133349313e+03
1.407616259923213394e+06,1.819766399198903855e+03
1.407616279191303998e+06,1.819853699187175152e+03
1.407598817432120210e+06,1.820320828836615419e+03
1.407598821578789270e+06,1.926302491378772402e+03
1.407598804831331363e+06,1.925192097569650286e+03
1.407598796475759242e+06,1.765968423949296721e+03
1.407598803792145336e+06,1.779449825981254662e+03
1.407598793354319641e+06,1.777007110433307162e+03
1.407596433842735831e+06,1.776575024029132237e+03
1.407596422510646284e+06,1.790218501059065147e+03
1.407596437240272760e+06,1.789693026676411819e+03
1.407596435303632636e+06,1.789427649902263283e+03
1.407572370817293180e+06,1.785196592380810444e+03
1.407572329186070943e+06,1.784989954760999126e+03
1.407572309016757412e+06,1.764571172479477809e+03
1.407572290949444752e+06,1.764226203125438360e+03
1.407572299383283826e+06,1.765918491629508480e+03
1.407572301256879000e+06,1.768103549907368688e+03
1.407572281367657939e+06,1.769264651337855412e+03
1.407568719777551480e+06,1.768189683429305205e+03
1.407568706314521842e+06,1.765261880810844104e+03
1.407568717682448216e+06,1.765563264777247468e+03
1.407538746115512913e+06,1.763360933172459681e+03
1.407538744061351754e+06,1.764514470505817144e+03
1.407538738966446836e+06,1.764190459465978392e+03
1.407538758702270919e+06,1.759030592391435221e+03
1.407538753045124933e+06,1.758862921121914496e+03
1.407538739585412666e+06,1.770016874914687151e+03
1.407538697333073476e+06,1.770395124888193550e+03
1.407538704654494766e+06,1.769418471221099253e+03
1.407538735136372270e+06,1.769802605636547696e+03
1.407538685497009195e+06,1.769280408785517238e+03
1.407538017041076208e+06,1.770037757509288667e+03
1.407526129027738934e+06,1.783091500376020804e+03
1.407526130471014651e+06,1.782548362217815111e+03
1.407538024610857246e+06,1.784367713085279092e+03
1.407538000311677577e+06,1.981874315749132393e+03
1.407538018730706535e+06,1.981869668962479409e+03
1.407537935171053978e+06,1.981240550029217957e+03
1.407537910799221369e+06,1.981311494881384078e+03
1.407537875746379141e+06,1.981291151666206588e+03
1.407537759528529365e+06,1.980799927140105865e+03
1.407537768598642899e+06,1.980246763490944431e+03
1.407537766776100965e+06,1.979974490854282521e+03
1.407537693543390837e+06,1.605072673596660206e+04
1.407537691856314894e+06,1.605076085465968026e+04
1.407537717790804338e+06,1.953975236234828117e+03
1.407537688314116327e+06,1.954049778211462126e+03
1.407537695499217138e+06,1.953745930348480442e+03
1.407537688963570632e+06,1.953792659409044518e+03
1.407537690929469885e+06,1.954599573611038068e+03
1.407537687527205562e+06,1.954615081667274808e+03
1.407381985683240462e+06,1.950983000124572982e+03
1.407382041064462159e+06,1.947181220665058163e+03
1.407382049515180057e+06,1.949220007128724092e+03
1.407538159450670937e+06,1.953309954506275972e+03
1.407316652833371656e+06,1.950599851310609210e+03
1.407316669118792750e+06,1.950725963074186438e+03
1.407294614758592332e+06,1.945941159679819293e+03
1.407294558014989598e+06,1.947160085423863165e+03
1.407294557645250810e+06,1.999524853028325879e+03
1.407277080779148964e+06,1.999435230967406142e+03
1.407277075504379347e+06,1.971644191046938658e+03
1.407277060194563121e+06,1.973055647269763767e+03
1.407277065279573668e+06,1.972125530433592985e+03
1.407277062861604616e+06,1.972112142675444375e+03
1.407277121677445015e+06,1.975814537879578666e+03
1.407260500589571195e+06,1.978883714143031739e+03
1.407265344304888742e+06,1.978178679049903394e+03
1.407210916711467784e+06,1.972678420937765623e+03
1.407265175015121466e+06,1.973511813640925311e+03
1.407265097235333407e+06,1.978059201827192737e+03
1.407265038550512865e+06,1.928639391924530173e+03
1.407265055913747754e+06,1.970309012980952502e+03
1.407265060701717855e+06,1.969455480885294264e+03
1.407265061167445965e+06,1.971680632305160543e+03
1.407265071908125887e+06,1.975825754487513223e+03
1.407265015326872701e+06,1.976407690592432573e+03
1.407265012116137194e+06,1.976317353297363070e+03
1.407265000226982869e+06,1.976334328310148749e+03
1.407264955238712253e+06,1.977828976211575764e+03
1.407276736528764479e+06,1.045289876673249182e+03
1.407264985004215036e+06,2.171926903453904288e+03
1.407265040011997102e+06,2.168010281138990194e+03
1.407196222397428937e+06,5.220789378143227623e+03
1.407196204817894613e+06,5.218933161511587969e+03
1.407193073269698769e+06,5.218552316989916108e+03
1.407193060640290612e+06,5.219113052295053421e+03
1.407193057266552700e+06,5.218846817367823860e+03
1.407193053205151577e+06,5.218184221128261015e+03
1.407159856814346043e+06,5.276463295861055485e+03
1.407159687448692741e+06,5.276319067044482836e+03
1.407159672134616179e+06,5.372420360916611571e+03
1.407159663131973008e+06,5.395684303139442818e+03
1.407159660348556936e+06,5.396335737797854563e+03
1.407159654456405435e+06,5.118793601385679722e+03
1.407192571865716483e+06,5.051069643039260882e+03
1.407192588814034127e+06,5.053141819125597976e+03
1.407192505212419434e+06,5.047763717399281632e+03
1.407192503486522939e+06,5.045600911484442804e+03
1.407192514639405068e+06,5.053449255906530198e+03
1.407160566851012176e+06,5.099939429989715791e+03
1.407160514614594867e+06,5.100679560555679018e+03
1.407160415720059769e+06,5.258121845463215323e+03
1.407161290149983950e+06,5.257942269820478032e+03
1.407161296066705603e+06,5.257951274387534795e+03
1.407161268337717513e+06,5.395937359934074266e+03
1.407161287438450614e+06,5.268075253263376908e+03
1.407161060777696082e+06,5.269212306969295241e+03
1.407161064415282803e+06,5.284536812094306697e+03
1.407160319933150196e+06,5.285291912800584214e+03
1.407159791037221206e+06,5.719123482295642134e+03
1.407159530603911029e+06,5.708821805162922828e+03
1.406951122132319491e+06,5.703031494643822043e+03
1.406950963167588925e+06,6.159435101025732365e+03
1.406950885571661405e+06,6.168479855498714642e+03
1.406951318395255366e+06,6.168125904015702872e+03
1.406660876672415063e+06,6.156136829539883365e+03
1.406660869334953837e+06,6.155032295122641699e+03
1.406660883541998453e+06,6.153675319850143751e+03
1.406660884401880205e+06,6.383239598348170148e+03
1.406660904967063805e+06,6.384444541829603622e+03
1.406660895302693360e+06,6.383786284592349148e+03
1.406660823092282051e+06,6.383349741086806716e+03
1.406660825965022435e+06,6.384261881819266819e+03
1.406551479917839170e+06,6.373542310272579016e+03
1.406551244531878037e+06,6.373525149756892461e+03
1.406551124229192967e+06,6.941401273131138623e+03
1.406551133417255944e+06,6.926714805643318869e+03
1.406551035492092138e+06,7.123384794839113965e+03
1.406551048081591958e+06,7.370784146701817917e+03
1.406550919213813962e+06,7.360110158648067227e+03
1.406551010201233439e+06,7.372488079784075126e+03
1.406543468321306864e+06,7.372629960675385519e+03
1.406543429241985315e+06,7.357285494012137860e+03
1.406541808798656566e+06,7.357306060294282361e+03
1.406541511748721823e+06,7.356806049599468679e+03
1.406541577388808364e+06,7.372316339662464998e+03
1.406541874728108989e+06,7.372266550429567360e+03
1.406266628590375884e+06,7.857364976601498711e+03
1.406266745672941441e+06,7.857473467358618109e+03
1.406266745886463439e+06,7.865892088939734094e+03
1.406266981825826690e+06,7.866105581215146231e+03
1.406266832507642452e+06,7.880926070372785034e+03
1.406266806251030182e+06,8.081014257875058320e+03
1.406033441353466827e+06,8.099864919761711462e+03
1.406033442596887238e+06,8.101265632756415471e+03
1.406033368008031510e+06,8.145755943804827439e+03
1.406033336704349611e+06,8.197301771618738712e+03
1.406033229112617439e+06,8.133767989891435718e+03
1.406033188267623540e+06,8.136167624416370927e+03
1.406033489014574094e+06,8.130411804153678531e+03
1.406033480230742833e+06,8.187298204347061073e+03
1.406033424067689339e+06,8.186682822023774861e+03
1.406033464613947552e+06,8.183637493758357778e+03
1.406011673546985025e+06,7.703324572285300746e+03
1.406011493036450818e+06,7.704209594002426456e+03
1.406011579912846209e+06,7.744583947904806337e+03
1.406011624914098065e+06,7.744655987061968517e+03
1.405895854046514723e+06,7.743261032070256988e+03
1.405895952343067154e+06,7.739638358096906813e+03
1.405895962278748397e+06,7.736329369118346222e+03
1.405895941729272949e+06,7.732276585974016598e+03
1.405896171122920001e+06,7.714218009069530126e+03
1.405896106796771521e+06,7.715757612713421622e+03
1.405896189661897719e+06,7.744932913307788112e+03
1.405894310303827282e+06,7.746680509700284347e+03
1.405894375860756496e+06,7.744765622577327122e+03
1.405894373421220342e+06,7.747462328553593579e+03
1.405784062081429409e+06,9.514006164171820274e+03
1.405784037270056317e+06,9.513214806684956784e+03
1.405784059943755390e+06,9.295257580505644000e+03
1.405784705473082606e+06,9.297273701979842372e+03
1.405430778383557452e+06,9.443740832412049713e+03
1.405430891385158291e+06,9.452366666063258890e+03
1.405391473802958848e+06,9.637480721949386862e+03
1.405391786183792865e+06,9.634942221271945527e+03
1.405381244435386267e+06,9.594578136404999896e+03
1.405381333715415094e+06,9.605824498484675132e+03
1.405381359822165919e+06,1.007647545670331783e+04
1.405381164212720934e+06,1.007126970593468650e+04
1.405381132897697622e+06,1.007175940436255951e+04
1.405381137299223803e+06,1.010539493709796079e+04
1.405381083745375741e+06,1.085784096262967068e+04
1.405217409487666562e+06,1.084486551051418610e+04
1.405212217974573607e+06,1.084525236630521067e+04
1.405212223101992626e+06,1.084568762920071822e+04
1.405213824719935656e+06,1.084450388295249650e+04
1.405214692068458768e+06,1.084377359748235904e+04
1.405210489559317939e+06,1.083954043905418985e+04
1.405210893679063302e+06,1.083446027493955989e+04
1.405208281557359500e+06,1.081380940444410408e+04
1.405214085623740917e+06,1.225242402711899922e+04
1.405208383503909688e+06,1.106556466666588130e+04
1.405208261598935816e+06,1.106645126160563632e+04
1.405208642544521950e+06,1.106041011342130878e+04
1.405188933085041353e+06,1.105896140811875011e+04
1.405188421804941725e+06,1.104882440826779384e+04
1.405188780108655104e+06,1.105001924119288014e+04
1.405181301970742177e+06,1.128207546458625802e+04
1.405181131014081417e+06,1.127218756654754361e+04
1.405181036944675492e+06,1.057285840205284512e+04
1.405181034465075703e+06,1.057502655527016941e+04
1.404974722395779565e+06,1.055329377028300223e+04
1.404974743058080785e+06,1.055251209849357474e+04
1.404898434798730537e+06,1.055157794376359561e+04
1.404898434431280242e+06,1.056627612318613137e+04
1.404898334811336827e+06,1.058823170794315593e+04
1.404898435095641529e+06,1.056793735298656975e+04
1.404767518900202820e+06,1.055897932353201395e+04
1.404768058963096701e+06,1.052282376279616437e+04
1.404767865307095926e+06,1.052812270972249826e+04
1.404767847829454346e+06,1.051608400270964194e+04
1.404727818691087421e+06,1.055946482310281135e+04
1.404727765084269457e+06,1.056562471533998905e+04
1.404728026149673155e+06,1.055618157716516907e+04
1.404728027662778506e+06,1.055715133643357876e+04
1.404727451185262995e+06,1.057818196249464017e+04
1.404727371709974017e+06,1.059546616388747498e+04
1.404602450108573772e+06,1.063712170577136931e+04
1.404601622024620418e+06,1.063160572536673681e+04
1.404601702332430752e+06,1.064608485876201485e+04
1.404601688209526474e+06,1.822705703239291324e+04
1.404601714974333299e+06,1.859521434257651345e+04
1.404520003201540094e+06,1.856473607141594039e+04
1.404519964579207823e+06,1.859605228805983643e+04
1.404519260758984135e+06,1.856430580006088348e+04
1.404519752136487747e+06,1.856785766751709889e+04
1.404519697670783615e+06,1.859533611944255972e+04
1.404519500790821156e+06,1.858290937047075568e+04
1.404519544950840529e+06,1.854399682631729956e+04
1.404519051703222794e+06,1.858166813260555500e+04
1.404519007248486392e+06,1.861958063224625585e+04
1.404132381513707573e+06,1.863250383407642221e+04
1.404132572046517860e+06,1.865096742803481538e+04
1.404132640143091790e+06,1.865272365208798510e+04
1.404132900839621434e+06,1.866178877650935465e+04
1.403793290940228850e+06,1.867450338828482563e+04
1.403793308852482587e+06,1.878778658311146137e+04
1.403793472499978496e+06,1.877755475111546184e+04
1.403593142231375212e+06,1.877416999670332007e+04
1.403593137057997519e+06,1.875529686076694270e+04
1.403591055278847227e+06,1.880846439153045139e+04
1.403590671501020668e+06,1.881246058261546204e+04
1.403448455769870430e+06,2.080822559552484745e+04
1.403448703350075753e+06,2.081491176923915555e+04
1.403450193205001298e+06,2.081537294700915299e+04
1.403449479183837539e+06,2.080454397788464485e+04
1.403449498643215979e+06,2.080534090650441067e+04
1.403448788946377579e+06,2.082898939654217611e+04
1.403449938486648723e+06,2.081764201211662294e+04
1.403449945646645268e+06,2.085082644462882672e+04
1.403450070196846267e+06,2.085495328348280964e+04
1.403449933016375871e+06,2.093239746467470104e+04
1.403449761452132836e+06,2.093575045739585403e+04
1.403448828566288808e+06,2.122443141431579352e+04
1.403448544280370232e+06,2.161510792212548040e+04
1.402815018573852722e+06,2.152785374829941429e+04
1.402813783923259471e+06,2.152435113383403950e+04
1.402814182076959172e+06,2.220735904160465725e+04
1.402814989846464712e+06,2.222075850676520713e+04
1.402129278132572072e+06,2.217927748568446987e+04
1.401656966350586386e+06,2.314113214450000305e+04
1.400527354259277461e+06,2.308352057182095450e+04
1.400528144759734394e+06,2.308190570711130931e+04
1.400528145895706490e+06,3.129585397398952773e+04
1.400528329012296628e+06,3.128554087945673018e+04
1.400528180831092875e+06,3.128275051954122318e+04
1.400537414858998731e+06,3.125983341506360739e+04
1.400531225546488538e+06,3.124912719800027480e+04
1.400091093787974678e+06,3.123845663680796133e+04
1.400091091179755749e+06,3.509517099156106997e+04
1.400091084382651839e+06,3.509350047595661454e+04
1.400091073488941882e+06,3.136848711292360531e+04
1.400091084586933721e+06,3.153185885280498042e+04
1.400089481598588871e+06,3.160031140818996937e+04
1.400089489309245953e+06,3.159266237883682697e+04
1.400089479511867277e+06,3.155156753120441499e+04
1.400089486796781654e+06,3.158214823260911362e+04
1.398309171016711509e+06,3.175575229527899864e+04
1.400089345281128306e+06,3.385798650151122274e+04
1.400089337057457538e+06,3.383927462864198606e+04
1.400089328316475498e+06,3.387467236056644469e+04
1.400089393256171374e+06,3.549801398670479830e+04
1.400089395344362361e+06,3.549847039500642131e+04
1.400089404886046890e+06,3.427520766939777241e+04
1.400089029974550940e+06,3.427102531489442481e+04
1.400089020863524871e+06,3.426714662962339207e+04
1.400089029023048468e+06,3.468480844873425667e+04
1.400089025737494230e+06,3.662401824906848196e+04
1.399711798335433239e+06,3.734851806656210829e+04
1.399709641340296017e+06,3.787455112921482214e+04
1.399709425255067647e+06,3.968082448578965705e+04
1.399707652994432719e+06,3.989377259609579778e+04
1.399706336531622568e+06,3.990314849579306610e+04
1.399707014350997983e+06,3.989366338687537063e+04
1.399714026342047378e+06,4.006982236486496549e+04
1.396985573576194700e+06,4.015234691745442251e+04
1.396985570207225392e+06,4.017000512434951816e+04
1.396969756756116636e+06,4.015012641011652158e+04
1.396969750142427394e+06,4.016941552619038703e+04
1.396974284639155958e+06,4.019459074385276472e+04
1.396974294500139309e+06,4.020752953091002564e+04
1.396974293946368620e+06,4.023078292669149232e+04
1.396974292650778312e+06,4.020991978659720917e+04
1.396974295573882991e+06,4.021210601536670583e+04
1.396974293133062311e+06,4.021890094126718759e+04
1.396974297982904362e+06,4.024897680102474988e+04
1.396912230576912407e+06,4.050657410365465330e+04
1.396911529017972760e+06,4.048892707778819022e+04
1.391409224080714630e+06,4.023028385676525795e+04
1.391408730993767502e+06,4.004435482503667299e+04
1.391408765553364530e+06,4.003698977080701297e+04
1.391512109790975228e+06,4.034428310720251466e+04
1.391512113484044326e+06,4.033611870346264186e+04
1.391511661995787174e+06,6.773081196561353863e+04
1.391508685290078400e+06,6.772964835016515281e+04
1.391506976911423029e+06,6.773151808644310222e+04
1.391508201781955780e+06,6.764602633916131163e+04
1.391508196895051282e+06,6.761854794447272434e+04
1.396896985703928396e+06,3.897844950396091735e+04
1.396906184298467822e+06,3.896431556807399465e+04
1.391505969209632603e+06,3.899585145964161347e+04
1.391501532917189645e+06,3.898101321300211566e+04
1.391499391018858878e+06,3.914712308881873469e+04
1.391499841813266976e+06,4.051574697039729654e+04
1.391386387091041775e+06,4.053498235651077266e+04
1.391386384511733660e+06,4.071500225744043564e+04
1.391386188211321132e+06,4.038317371246621769e+04
1.391383783094977960e+06,4.038123860126983345e+04
1.391363146103136009e+06,4.039049942457924772e+04
1.391331851949232630e+06,4.140512050522070058e+04
1.391332318440251751e+06,4.151079354416311980e+04
1.391321838234934723e+06,4.170125297062350000e+04
1.391319823280079756e+06,4.169935426008279319e+04
1.395971675591151929e+06,3.000896206336467003e+04
1.395971583402033662e+06,3.002919926449134800e+04
1.395752013566278387e+06,3.002097663305990864e+04
1.395972005987687502e+06,2.997955251815489828e+04
1.395971273112443276e+06,3.006091041866251180e+04
1.395971977579807630e+06,3.047133650636309903e+04
1.395970399632337270e+06,3.051286871792950478e+04
1.395970264086125419e+06,3.052600244673516136e+04
1.395971105181879597e+06,3.655352534445057972e+04
1.395971358422786929e+06,3.655851563982093649e+04
1.395770381335569778e+06,3.660573031406927475e+04
1.395769880158247426e+06,5.448921516832229099e+04
1.395769318352372851e+06,5.818921458023163723e+04
1.395767972292593447e+06,5.608670087931994203e+04
1.395767997591543943e+06,5.921189528165232332e+04
1.395771768148664851e+06,5.920943663298830506e+04
1.395771760042623151e+06,5.922885450923226745e+04
1.395770815731146140e+06,5.955001945003572473e+04
1.395770814661610639e+06,5.939596353098006512e+04
1.395771240271225106e+06,5.938601062529704359e+04
1.395772278964040801e+06,5.936280449585739552e+04
1.395772023579623317e+06,5.953606464222608338e+04
1.395772255373447202e+06,5.946376317189367546e+04
1.395772245723369997e+06,6.024979494398929819e+04
1.396768301750485087e+06,6.026198165515773871e+04
1.396736286545943003e+06,6.029049178800036316e+04
1.396736265969271772e+06,6.214190110782677948e+04
1.396736269231810467e+06,6.371533027756285446e+04
1.396257172732346691e+06,6.352284701768233208e+04
1.396257174664147198e+06,6.381640322993727750e+04
1.396255740687165176e+06,6.477500957933322206e+04
1.396254750219496666e+06,6.478787052066496108e+04
1.396254767369464040e+06,7.003227085351644200e+04
1.396254765661513433e+06,7.012461074125282175e+04
1.395385292343917070e+06,7.009277978999503830e+04
1.395384868779279292e+06,7.046725370443389693e+04
1.395384969557031523e+06,7.408302405727382575e+04
1.395385022441883339e+06,7.409298106728181301e+04
1.395385214326388435e+06,7.409849245280594914e+04
1.395390490468015894e+06,7.411629884854349075e+04
1.391645117383615812e+06,7.399656736302246281e+04
1.391645141825646395e+06,7.400772079751733691e+04
1.391643553379958728e+06,7.400497949883634283e+04
1.391645158152315533e+06,7.400524542827538971e+04
1.391645151467850665e+06,7.475159383410970622e+04
1.391644490119973430e+06,7.515738742103539698e+04
1.391610081459633773e+06,7.582814678409838234e+04
1.391610274112551007e+06,7.597819781858070928e+04
1.391606145493594697e+06,7.607906829373707296e+04
1.391606489912643796e+06,9.844689847661959357e+04
1.391606049662898760e+06,9.961913217363620060e+04
1.391605958394885529e+06,9.979706074341863859e+04
1.391600109454004094e+06,1.008097893380967434e+05
1.391600115505761700e+06,1.009378036674160685e+05
1.391580971640508855e+06,1.009389172747069679e+05
1.391580126019194955e+06,1.010382840385901509e+05
1.391468061188983964e+06,1.016343898158960219e+05
1.391060621209741570e+06,1.016653382771611941e+05
1.391060598697311943e+06,1.013690103779502679e+05
1.391059647507005138e+06,1.020353198276978801e+05
1.391059674267525552e+06,1.021951153583430132e+05
1.391085835811408004e+06,1.024528401228642615e+05
1.389577222932002740e+06,1.023857464652382187e+05
1.389575476576874033e+06,1.023785036353404430e+05
1.389574915295131737e+06,1.023447442372031073e+05
1.389580256326023955e+06,1.023320599488791049e+05
1.389577412713066209e+06,1.022277451789679326e+05
1.389577330259247450e+06,1.022170393280087592e+05
1.389598222953800811e+06,1.028922060748209333e+05
1.389597840143413283e+06,1.028044275896950858e+05
1.389593365339395823e+06,1.028597559748266794e+05
1.389591970948160393e+06,1.200756301943042490e+05
1.389592873923699604e+06,1.198394569449577248e+05
1.389592738634292968e+06,1.199620497461291234e+05
1.389592207356836880e+06,1.201433244390601758e+05
1.389593368799485033e+06,1.203036230004166282e+05
1.389589607116950909e+06,1.202769033756474382e+05
1.389583968653847231e+06,1.203149224555900582e+05
1.389310733909417642e+06,1.200592260019616660e+05
1.389313944599095033e+06,1.200779682854326238e+05
1.389304640881452244e+06,1.200836132311794063e+05
1.389303546583844116e+06,1.203363760145008855e+05
1.389302586447218666e+06,1.209391617451480124e+05
1.389295367060946533e+06,1.210368181672489300e+05
1.389301444280833937e+06,1.211179425652034843e+05
1.389566720673526404e+06,1.216931130278355267e+05
1.389181207350105280e+06,1.217000624564746540e+05
1.389179165527631063e+06,1.225367282073320530e+05
1.389178853123755660e+06,1.225866498371683701e+05
1.389186139679755084e+06,1.225942584799308679e+05
1.389186116323061055e+06,1.230604352707989165e+05
1.389182511411290849e+06,1.258514801273659250e+05
1.389203552522556158e+06,1.258716407359332516e+05
1.389200658957996871e+06,1.257515167593369406e+05
1.389198214406625368e+06,1.258073138706978352e+05
1.389199718048205832e+06,1.259980033918340196e+05
1.389183374912612606e+06,1.268058139894886408e+05
1.389182655168278608e+06,1.257908024581189238e+05
1.389016460829317570e+06,1.251428302272079600e+05
1.389016737165287603e+06,1.251428034348724905e+05
1.389015926024728687e+06,1.249629534635362797e+05
1.387986624086290132e+06,1.265079541500444175e+05
1.387992739720125450e+06,1.265582382762991328e+05
1.387994692192573799e+06,1.271293867714768567e+05
1.387986086379255168e+06,1.283173057761794917e+05
1.387906278765278868e+06,1.282640569511860958e+05
1.387908079367595725e+06,1.284869281492408627e+05
1.387907740964476485e+06,1.285596236420032074e+05
1.386333880755716702e+06,1.284540281475847733e+05
1.386334805205434095e+06,1.284463476699502789e+05
1.386333156718034530e+06,1.284530575878220407e+05
1.386331182802751660e+06,1.303558465459780273e+05
1.386085492172204424e+06,1.305612182408881490e+05
1.385701211454828270e+06,1.305303102929114975e+05
1.385699977667524712e+06,1.305491303938819910e+05
1.385698920515187318e+06,1.319040898131457216e+05
1.385701836042981828e+06,1.318897678012194519e+05
1.385695842996290652e+06,1.318338351089912176e+05
1.385698543512276607e+06,1.317980276053486741e+05
1.385705427691278746e+06,1.343409671727585082e+05
1.385695879036770901e+06,1.343272947173681168e+05
1.385695885841426905e+06,1.346812907355776115e+05
1.385691843105724547e+06,1.392772338926403027e+05
1.385487731878827559e+06,1.392787663490269915e+05
1.385500161842515692e+06,1.381370845520311850e+05
1.385496064778572414e+06,1.384129003698923625e+05
1.385495524929310894e+06,1.384185895866208884e+05
1.385496663941741223e+06,1.388942958914351766e+05
1.385496264249674277e+06,1.389059420900070982e+05
1.385495179721136810e+06,1.392084321640101552e+05
1.385495459231958259e+06,1.393994125315900601e+05
1.385495421414462617e+06,1.394048202634308545e+05
1.385496865669503575e+06,1.391363342683769588e+05
1.385504894681851380e+06,1.408297910181791231e+05
1.385503721940838732e+06,1.408799569478050980e+05
1.384148655586534180e+06,1.413183794096388156e+05
1.384141466767303180e+06,1.406251850769456651e+05
1.384144416177543812e+06,1.415033891685812559e+05
1.384158931566515705e+06,1.415114652267417114e+05
1.384157043669330422e+06,1.415882126625039091e+05
1.384157122355964966e+06,1.415284518588554638e+05
1.371459483590905322e+06,1.614693116308907047e+05
1.371468866896860534e+06,1.614965982491310569e+05
1.371481214735933580e+06,1.615442445437855204e+05
1.371469388632983901e+06,1.604119940397313621e+05
1.371465647952687228e+06,1.612752625507476914e+05
1.371465645827042172e+06,1.612575284935276140e+05
1.373869487663063919e+06,1.612219381586064410e+05
1.373869341754389927e+06,1.588302481107054045e+05
1.384145580469710287e+06,1.589628582384083711e+05
1.384145546498270705e+06,1.591006725062881596e+05
1.384131486606914783e+06,1.590218214554724109e+05
1.384038613825493958e+06,1.588250367401579279e+05
1.383999378914714791e+06,1.586374469627750805e+05
1.383952812636080431e+06,1.583016935933578061e+05
1.383951457033381099e+06,1.579608502179131901e+05
1.383951460678249365e+06,1.579888730331034458e+05
1.383941894529723329e+06,1.579869856636955228e+05
1.383944830828898819e+06,1.579670557831649494e+05
1.383944059587395750e+06,1.576499607705817907e+05
1.383948066540155793e+06,1.580660783018777729e+05
1.383951853067055345e+06,1.580953920105490251e+05
1.383950779206337174e+06,1.580824051985814585e+05
1.383944723637874238e+06,1.581325335285887704e+05
1.383945201203189092e+06,1.582152647327496670e+05
1.383950095756877214e+06,1.574655657551255135e+05
1.383950091207887279e+06,1.581091681438616652e+05
1.383950839383025654e+06,1.942112172328096349e+05
1.383955631758710835e+06,1.945734775957475067e+05
1.383952768349826103e+06,1.947882104384716658e+05
1.383952307496538619e+06,1.964950308014630282e+05
1.383953130823901622e+06,1.967418381430937443e+05
1.373869669494201429e+06,2.030305334726338333e+05
1.369730997254109243e+06,2.028388154163696454e+05
1.369751207785185659e+06,2.008792651629208995e+05
1.368260823712187819e+06,1.997469563333834230e+05
1.368260877523452276e+06,2.000321910121125111e+05
1.368257601806155173e+06,2.027140270051054831e+05
1.368210920567761408e+06,2.027108173252565321e+05
1.360466389797881711e+06,2.004175843492267304e+05
1.360466426962188678e+06,2.004103057999385637e+05
1.360459624333672924e+06,2.279243857461699517e+05
1.360466422308831941e+06,2.001270237536936183e+05
1.360466253764342517e+06,2.282904153661637101e+05
1.360587622101022163e+06,2.280658635519063973e+05
1.360475696890186053e+06,2.280428242183956900e+05
1.360469836941110669e+06,2.283148518315971596e+05
1.360468820724390913e+06,2.292216231698990450e+05
1.360468278740903595e+06,2.297067998646929918e+05
1.360471192936643027e+06,2.318246686309343786e+05
1.360472437708534300e+06,2.319484755230229930e+05
1.360478039745853981e+06,2.309499668922670535e+05
1.360475524280160433e+06,2.357591416529626295e+05
1.360469245125867659e+06,2.364449446159021463e+05
1.357587708428650629e+06,2.442498079302809783e+05
1.360419471112793079e+06,2.447080228251463268e+05
1.360419473680829396e+06,2.446495754235162749e+05
1.360419137102631154e+06,2.438560430257316621e+05
1.360410957399371546e+06,2.438599346848631394e+05
1.360409470661001280e+06,2.339361272187886934e+05
1.360418242024429375e+06,2.340081927948769589e+05
1.360446106989979511e+06,2.401223364417667908e+05
1.360427613606364001e+06,2.414288784583605302e+05
1.360455968723974656e+06,2.434410290991332149e+05
1.360455987586400239e+06,2.469005166746596806e+05
1.360454689999941271e+06,2.464159925936174113e+05
1.360451028317359509e+06,2.464051684231898398e+05
1.360449127006631345e+06,2.479414887162341038e+05
1.360431677003822755e+06,2.479694125434949528e+05
1.360432187207954703e+06,2.482494772393625171e+05
1.360339601906543365e+06,2.478339730302585231e+05
1.360235508983051172e+06,2.483949967888098035e+05
1.360235264127343893e+06,2.566718962085410021e+05
1.360253027265155455e+06,2.636442536524935858e+05
1.360232451382922707e+06,2.635132346546084736e+05
1.360216306592460256e+06,2.636889047455633408e+05
1.360194417039994616e+06,2.641078557802203577e+05
1.360209714525240008e+06,2.669063283799795317e+05
1.360208091914240271e+06,2.669151265290792799e+05
1.360187578534264816e+06,2.871296120779528283e+05
1.351493063535895664e+06,2.666022728718831786e+05
1.351491586574967019e+06,2.670801326726492844e+05
1.351510425663171802e+06,2.580506593446758925e+05
1.351505528258061502e+06,2.624598835855108337e+05
1.351543475191817852e+06,2.656216765537484898e+05
1.351543433710789075e+06,2.752551762312726351e+05
1.351534539586813189e+06,2.812575424545435235e+05
1.351534225613323739e+06,2.833122462568842457e+05
1.358664333116804017e+06,2.904110254989751265e+05
1.353621137076544575e+06,2.903881250760211260e+05
1.353615689740310423e+06,2.946434282947968459e+05
1.353560467762307730e+06,2.952685088101963629e+05
1.353560470767407678e+06,2.957626263671760098e+05
1.353543108498892514e+06,2.978397653280477971e+05
1.353546048339967616e+06,2.976418740529884817e+05
1.353520874583649216e+06,2.975904100529333809e+05
1.353517691958251409e+06,2.967885973115666420e+05
1.353546007378218230e+06,2.982578488323334022e+05
1.353536493373703212e+06,2.982484881899096654e+05
1.353541474892908474e+06,2.976596069295355119e+05
1.353536248225786723e+06,2.976732063233483932e+05
1.353519686473394046e+06,2.975770457327409531e+05
1.350438337220264599e+06,2.978578869075913099e+05
1.350493752325992798e+06,2.978646074990303605e+05
1.350494720314250328e+06,2.964536678652573028e+05
1.350476342729198281e+06,2.975435145122155664e+05
1.350467062260519713e+06,3.078069422340934980e+05
1.350465935060879448e+06,3.053388480411095079e+05
1.350468454223575536e+06,3.053531943383169128e+05
1.350461340867500985e+06,3.068173747981403721e+05
1.350450881134669064e+06,3.085164115450607496e+05
1.350593618459128542e+06,3.080456649414357380e+05
1.350374949501837138e+06,3.065297954624636332e+05
1.350372249583570985e+06,2.974482715008390369e+05
1.350375671847213292e+06,2.975191923881474067e+05
1.350381728295809356e+06,2.987174546364907874e+05
1.350381729520510416e+06,2.993933932215080713e+05
1.350387955620703753e+06,2.990208582071048440e+05
1.350385253255377756e+06,2.990970689085486229e+05
1.350273245475139236e+06,2.991745828679066617e+05
1.350267047620089492e+06,2.982097731434775051e+05
1.350277750079317484e+06,2.982027646620806772e+05
1.350274353688976960e+06,2.983446853594511049e+05
1.350274349390314892e+06,2.914208932538201916e+05
1.350267342836761847e+06,2.911626704640186508e+05
1.350274336274222471e+06,2.938285844798655598e+05
1.346577850295368116e+06,2.945085153413130902e+05
1.332976036691778805e+06,2.936753373489756486e+05
1.331178574005126720e+06,2.929703664079895243e+05
1.331172738535106415e+06,2.847194935245058150e+05
1.331158857490084600e+06,2.877339957659452921e+05
1.323455348792248173e+06,2.877613768094286788e+05
1.323493659449150553e+06,2.885975723195524770e+05
1.323483766332256608e+06,2.941404002945037792e+05
1.323436153522018343e+06,2.944412019016865524e+05
1.323436020385877928e+06,2.986777790084105218e+05
1.323143419032030506e+06,2.991151075226921821e+05
1.323137541257333010e+06,3.000511231844024151e+05
1.323115180596926250e+06,2.997535745996992919e+05
1.323113135939365486e+06,3.000120324032146600e+05
1.322737975226615556e+06,3.010061872651198646e+05
1.322746953239450697e+06,3.023768439251767122e+05
1.322746948421298293e+06,3.029857858596259612e+05
1.322719070563399233e+06,3.041286410346595803e+05
1.322698403088788735e+06,3.042141666369883460e+05
1.322698383672612952e+06,3.050031222595039289e+05
1.322707522464988520e+06,3.049433654508062755e+05
1.322707157553673722e+06,3.046826624424799229e+05
1.322685177513154922e+06,3.047476584085208597e+05
1.322632125430025626e+06,3.050255624694330618e+05
1.322689436221352778e+06,3.057146159282674780e+05
1.322650896885230439e+06,3.057154826384547050e+05
1.320889240478608990e+06,3.056374904256361770e+05
1.320690477830414195e+06,3.056684301785975113e+05
1.320793552923813229e+06,3.058111534747112310e+05
1.320830735708324006e+06,3.056829699264207156e+05
1.320834563515996560e+06,3.060477264828581829e+05
1.320768514530152082e+06,3.057459760061831912e+05
1.320709112194192130e+06,3.058436038464696612e+05
1.320705996695321519e+06,3.066055401556140278e+05
1.320696013209878467e+06,3.091195636109936167e+05
1.320684382855830016e+06,3.128723860798481037e+05
1.320686254196241265e+06,3.153972387296257657e+05
1.317968833690494299e+06,3.141969860719504068e+05
1.317967088807776803e+06,3.142540330527593615e+05
1.317881343375647906e+06,3.221651847648688126e+05
1.317900626808324829e+06,3.210116900776544935e+05
1.317850046225782949e+06,3.210307789500877261e+05
1.317834740563368658e+06,3.213089579093502834e+05
1.317829166685189819e+06,3.224077915896403720e+05
1.317820567625164054e+06,3.226767494772976497e+05
1.317822599951718701e+06,3.260919749360032147e+05
1.317806897647382459e+06,3.261215647201776737e+05
1.317847078807228478e+06,3.259471987546648015e+05
1.317726806280957535e+06,3.256720723500282620e+05
1.317724361322220415e+06,3.256376484749199590e+05
1.317697728633195627e+06,3.008403466287006740e+05
1.317695010967953363e+06,3.012166394218474161e+05
1.317681357481551589e+06,3.012537692128192284e+05
1.317724048976599937e+06,3.002271781884210068e+05
1.302841475701163057e+06,3.000668248769631027e+05
1.302825165935791563e+06,2.997588537959675305e+05
1.302825171982390340e+06,3.077563976566619240e+05
1.302111735296681989e+06,3.078767237464482896e+05
1.302100333932202309e+06,3.085411777111836127e+05
1.302103028112590546e+06,3.107040059788093786e+05
1.302219577955899760e+06,3.107776823922761250e+05
1.302206619088405743e+06,3.110101643164089182e+05
1.302139229143240722e+06,3.112773624122337787e+05
1.302206458003915381e+06,3.119588472576250788e+05
1.302186602119256277e+06,3.233615108834824059e+05
1.302073710682701319e+06,3.233239063935650047e+05
1.301836241635858780e+06,3.234330515981544158e+05
1.301873776999788359e+06,3.246810198857250507e+05
1.301889889708763221e+06,3.274561237258818583e+05
1.301897757119321497e+06,3.261352934673511190e+05
1.301893568806943251e+06,3.261648851886404445e+05
1.301952193759405985e+06,3.272752786212444771e+05
1.301913818549252115e+06,3.277062113329126150e+05
1.301952364305472467e+06,3.275374767587144161e+05
1.301949204480389366e+06,3.279900291224395623e+05
1.301937627790201688e+06,3.279398076922601904e+05
1.301859834293563385e+06,3.298155992358395015e+05
1.302022310367492028e+06,3.285523333132807165e+05
1.301992393199971179e+06,3.285547920894182753e+05
1.301991509558663936e+06,3.206292312070101034e+05
1.300994208851462929e+06,3.205694521412929753e+05
1.300977578473084839e+06,3.162219436901808949e+05
1.300973566126583377e+06,3.164914847336809617e+05
1.301013753320747521e+06,3.166024978598488960e+05
1.318617001693693921e+06,3.172177443298072321e+05
1.318596743159188656e+06,3.172952718137081829e+05
1.318620113029076951e+06,3.173872245620325557e+05
1.318605453291086247e+06,3.172409481176968548e+05
1.318637904812842142e+06,3.173933739460646175e+05
1.304900042485121638e+06,3.172251096107537160e+05
1.304876981095202034e+06,3.170761527575462824e+05
1.304876957154217642e+06,3.186681159746731864e+05
1.304874065038469154e+06,3.234823035273613059e+05
1.302019676366744097e+06,3.231120275102670421e+05
1.304767215762064792e+06,3.258221510414736113e+05
1.304821536053843331e+06,3.256871566319113481e+05
1.304814893995638005e+06,3.262658489479973214e+05
1.304857163326266222e+06,3.262724840251777205e+05
1.302123222806359408e+06,3.296588057824926218e+05
1.348730430767364800e+06,3.130665419812200125e+05
1.348717774130709702e+06,3.131993618576524896e+05
1.348766460647499887e+06,3.111510658641160117e+05
1.348766459268583683e+06,3.155568337265531300e+05
1.348719597814124543e+06,3.157625050889555132e+05
1.348727333349692635e+06,3.160141753222057014e+05
1.358228218706504442e+06,3.118145925853603985e+05
1.358226702264275169e+06,3.029555627819219953e+05
1.358198510305288015e+06,3.046214724414836382e+05
1.358183993962199427e+06,3.047084272289546789e+05
1.358176481021943269e+06,3.043037235486144200e+05
1.358192069994624238e+06,3.058369257124525029e+05
1.358190765519702574e+06,3.076780921389200375e+05
1.358182496373906499e+06,3.064912597165896441e+05
1.358173583274597768e+06,3.065469771996459458e+05
1.358181446697859094e+06,2.993728470294720610e+05
1.367876415523516247e+06,2.998043747661093366e+05
1.367871151379778748e+06,3.002992988457902102e+05
1.367872502946397057e+06,3.031835345763229416e+05
1.367905041530622169e+06,3.031497065778033575e+05
1.367905205957218073e+06,3.032921216105170315e+05
1.367904913700385485e+06,3.073739190386545961e+05
1.367907018310112413e+06,3.068351907828784315e+05
1.367890228062673938e+06,3.019258776001648512e+05
1.367871383125614375e+06,3.073144488847940229e+05
1.367870425813708454e+06,3.151064537729520234e+05
1.367882008206883213e+06,3.137964549646332744e+05
1.367875462846852606e+06,3.148538640210270532e+05
1.367871708135843510e+06,3.188010800229586312e+05
1.367835739852832397e+06,3.186804985553298611e+05
1.367862179564935388e+06,3.191131131243819837e+05
1.367863471348888008e+06,3.215255961352012237e+05
1.367866101052178303e+06,3.217365054915233050e+05
1.367836184744118946e+06,3.229281672155915294e+05
1.367849256562206661e+06,3.213422436981647043e+05
1.367840806837136159e+06,3.209032881993927294e+05
1.367841873365704436e+06,3.425516887463738094e+05
1.367842956674332730e+06,3.415288908844802645e+05
1.367833019345129840e+06,3.419314464516389999e+05
1.367843300163307227e+06,3.412105638722720905e+05
1.367840545581284910e+06,3.414607100178775145e+05
1.370614959106853232e+06,3.429319249065245967e+05
1.367833625034307828e+06,3.427053110649635200e+05
1.367175802979708882e+06,3.427179231168036349e+05
1.367188240571173141e+06,3.392005334964742069e+05
1.367175903658045689e+06,3.379273706461706315e+05
1.367183992908862187e+06,3.386254996010034811e+05
1.365394947105612606e+06,3.390317170702902367e+05
1.365376516726324800e+06,3.398883560247276328e+05
1.365379501883151941e+06,3.401224041396637913e+05
1.365378944992590696e+06,3.445875258715725504e+05
1.365382446402889444e+06,3.375637748492814135e+05
1.365387253733726684e+06,3.376942696667196578e+05
1.365384604771217098e+06,3.376211608054733952e+05
1.365396857754765078e+06,3.375703454401001800e+05
1.365379519588032272e+06,3.376255619924222701e+05
1.365362979891327443e+06,3.430645543159003137e+05
1.365364590199812548e+06,3.427820081427393015e+05
1.365121489589011064e+06,3.611922276151402039e+05
1.365145476141213439e+06,3.622932787965934840e+05
1.365143867555184523e+06,3.626268851663471432e+05
1.365140835539082764e+06,3.628339938858389505e+05
1.365139670805744128e+06,3.620247235783466022e+05
1.365137266724416520e+06,3.559347485978408367e+05
1.365140082657785621e+06,3.568879931476930506e+05
1.365121849441752536e+06,3.613573061302748974e+05
1.365120962840394583e+06,3.608068946419011918e+05
1.365118425708791241e+06,3.629358310706035700e+05
1.365121067598621128e+06,3.616150017096393858e+05
1.365122971423838986e+06,3.636700146347812843e+05
1.365119634570817463e+06,3.631765008656933205e+05
1.365132916245620931e+06,3.641305277093151235e+05
1.365134025220000651e+06,3.642957396904858761e+05
1.365131325444480637e+06,3.611688652537740418e+05
1.365125018013897352e+06,3.635641480819264543e+05
1.365124609643599950e+06,3.645988677697646781e+05
1.365135350443878444e+06,3.663516234260904603e+05
1.365143939316484379e+06,3.662880778636024916e+05
1.365149489027241711e+06,3.660349751357350033e+05
1.365136834061852656e+06,3.657702287844108650e+05
1.365133078258965397e+06,3.647913998025431065e+05
1.365115288906123722e+06,3.650025960905044922e+05
1.365118293902701000e+06,3.655077152725903434e+05
1.370460557521662442e+06,3.674789877830381156e+05
1.370461787649313454e+06,3.669967660109039862e+05
1.370464225301289000e+06,3.640689766256801086e+05
1.370459291548346402e+06,3.653505578742800280e+05
1.370474676962397294e+06,3.661475094396670465e+05
1.370484030359082157e+06,3.663441086996885715e+05
1.370471057371754665e+06,3.677286960546690971e+05
1.370472802419047104e+06,3.680376183523507789e+05
1.365127266866969643e+06,3.684047520189254428e+05
1.365113119799637469e+06,3.682601009616859374e+05
1.363345403026192915e+06,3.688445325555570307e+05
1.363339531264057383e+06,3.689626989223772543e+05
1.363205320057069883e+06,3.689429220691896626e+05
1.363205318203070899e+06,3.690032739568132674e+05
1.363218246493746759e+06,3.735941688919770531e+05
1.363203751413165126e+06,3.735936222472723457e+05
