18487	19217
19174	18381
18487	19217
19174	18381
19132	18519
19062	18674
18573	19210
19034	18744
19113	18608
18634	19167
18987	18817
18906	18904
19078	18615
18728	19067
18951	18820
18995	18750
19118	18551
18791	19005
18576	19198
18780	19046
19132	18519
18601	19184
18712	19097
18943	18845
18660	19147
18990	18774
18601	19184
18682	19116
19074	18647
18923	18872
18760	19060
19034	18744
19122	18524
18891	18910
18712	19097
18853	18938
18889	18930
18924	18849
18646	19150
18695	19115
18875	18937
18923	18872
19118	18551
18808	19004
19074	18647
18848	18968
18994	18766
18660	19147
18845	18979
18682	19116
18728	19067
18831	18982
18828	18991
18766	19049
18695	19115
18814	19001
18849	18952
18875	18937
18646	19150
18814	19001
18780	19046
18934	18848
18791	19005
18828	18991
19113	18608
18951	18820
18934	18848
19078	18615
18990	18774
18763	19057
18760	19060
19122	18524
18889	18930
18851	18945
18851	18945
18891	18910
18849	18952
18995	18750
18987	18817
18845	18979
18763	19057
18766	19049
18831	18982
18924	18849
19174	18381
18487	19217
19034	18744
19074	18647
18660	19147
18695	19115
18875	18937
18760	19060
19122	18524
18763	19057
18987	18817
18845	18979
18924	18849
18660	19147
18660	19147
18695	19115

18582	19242
18582	19242
19282	18413
18854	19107
19106	18746
18856	19057
18610	19234
18941	18966
18914	19043
19256	18423
18719	19201
18939	19019
19250	18483
19037	18860
18670	19212
18991	18943
18656	19225
18993	18893
18809	19144
19127	18709
19234	18511
19136	18670
18976	18960
19155	18639
19219	18545
18809	19144
19082	18776
19186	18626
19127	18709
19194	18569
18757	19156
19082	18776
18719	19201
18748	19176
19016	18862
18914	19043
19191	18586
19069	18800
19136	18670
19048	18825
19053	18805
19227	18518
19250	18483
19219	18545
19048	18825
19177	18631
19155	18639
18786	19146
18670	19212
19194	18569
18748	19176
18776	19151
18939	19019
18656	19225
19006	18891
18976	18960
19191	18586
19009	18881
19069	18800
18991	18943
19177	18631
19009	18881
18750	19166
19256	18423
19227	18518
18856	19057
18750	19166
19186	18626
18776	19151
19053	18805
19016	18862
18781	19147
18941	18966
18786	19146
18781	19147
19006	18891
18993	18893
18809	19144
19082	18776
18719	19201
19136	18670
19250	18483
19219	18545
19155	18639
18670	19212
18939	19019
19191	18586
18750	19166
19053	18805
19016	18862
18941	18966
18786	19146
19006	18891
19006	18891
19016	18862
19219	18545
19250	18483
19219	18545
18939	19019
19191	18586

18510	19283
19067	18708
19067	18708
18510	19283
18565	19252
18659	19217
18541	19281
18619	19234
19056	18746
18963	18919
18573	19243
19036	18788
19015	18839
19056	18746
18834	19091
18775	19141
18802	19093
18917	18970
18910	19003
19036	18788
18945	18920
18965	18881
18720	19181
18670	19196
18847	19071
18847	19071
19023	18816
19023	18816
18865	19044
18942	18947
18626	19220
18745	19160
18693	19185
18894	19016
18972	18869
18993	18867
18894	19016
18873	19033
18775	19141
18745	19160
18865	19044
18734	19164
18787	19120
18541	19281
18689	19192
18873	19033
19008	18854
18933	18961
18799	19110
19000	18855
18910	19003
18720	19181
18734	19164
18787	19120
18573	19243
18917	18970
18834	19091
18670	19196
18619	19234
18934	18955
18965	18881
18625	19221
18794	19114
18794	19114
18942	18947
18933	18961
18993	18867
18972	18869
18934	18955
19008	18854
19000	18855
18689	19192
18693	19185
18625	19221
18799	19110
18802	19093
18945	18920
18626	19220
18963	18919
18510	19283
19036	18788
18894	19016
18541	19281
18787	19120
18573	19243
18917	18970
18965	18881
19008	18854
18693	19185
18799	19110
18963	18919
19036	18788
18693	19185
18693	19185
18799	19110
18917	18970
18510	19283
18510	19283
18693	19185
18917	18970

19120	18435
18275	19259
19120	18435
19028	18754
19103	18484
19099	18573
18955	18787
18800	18983
19043	18663
18326	19218
18592	19145
18952	18839
18452	19197
18378	19209
19062	18607
18675	19091
18639	19119
18880	18899
18824	18970
18649	19097
18701	19069
18378	19209
18773	19031
18326	19218
18773	19031
18493	19174
18914	18862
18531	19164
19028	18754
18894	18874
18859	18923
18743	19059
18914	18862
18859	18923
18545	19152
18461	19187
18493	19174
18759	19056
19055	18609
19050	18642
19099	18573
18955	18787
18639	19119
19043	18663
18701	19069
18576	19148
18882	18878
18838	18945
18952	18839
19050	18642
18743	19059
18838	18945
18531	19164
18461	19187
18452	19197
18836	18953
18576	19148
18836	18953
18545	19152
18759	19056
19055	18609
18882	18878
18326	19218
19028	18754
18859	18923
18493	19174
18955	18787
18701	19069
19050	18642
18461	19187
18452	19197
18576	19148
18545	19152
18759	19056
19055	18609
18882	18878
18493	19174
18326	19218
19028	18754
18452	19197
18461	19187
18759	19056
18326	19218
18545	19152
18701	19069
18701	19069
18759	19056
18859	18923
18759	19056
18859	18923
19028	18754
19050	18642
18701	19069
18701	19069
18545	19152
18545	19152
18461	19187
18326	19218
18701	19069
18326	19218

18417	19373
19045	18688
19045	18688
18556	19328
19037	18754
18687	19224
18716	19205
18557	19295
18809	19124
18650	19225
18878	19000
19009	18786
18775	19130
18763	19163
18867	19036
18903	18969
18966	18884
18731	19169
18896	18995
18586	19285
18929	18952
18646	19244
18946	18925
19009	18786
18842	19061
18814	19097
18980	18853
18716	19205
18842	19061
18825	19081
18856	19039
18825	19081
18604	19272
18948	18898
18997	18826
18586	19285
18625	19254
19001	18810
18980	18853
18984	18840
18930	18929
18741	19167
18771	19147
19001	18810
18911	18964
18966	18884
18951	18892
18814	19097
18637	19252
18911	18964
18604	19272
18771	19147
18997	18826
18984	18840
18731	19169
18856	19039
18611	19260
18878	19000
18933	18928
18867	19036
18741	19167
18929	18952
18896	18995
18637	19252
18616	19258
18809	19124
18951	18892
18557	19295
18775	19130
18611	19260
18616	19258
18948	18898
18933	18928
18650	19225
18946	18925
18930	18929
19009	18786
18716	19205
18842	19061
18825	19081
18980	18853
19001	18810
18814	19097
18911	18964
18771	19147
18984	18840
18731	19169
18896	18995
18948	18898
18650	19225
18980	18853
18984	18840
18911	18964
18980	18853
18842	19061
18716	19205
19009	18786
18716	19205
18716	19205
18911	18964

19108	18660
18535	19326
18535	19326
19108	18660
18641	19302
18812	19164
19012	18941
18749	19225
18969	18989
19106	18735
18817	19114
18863	19095
18757	19186
18818	19097
18765	19172
19107	18668
19097	18784
18697	19230
18881	19075
19045	18863
18923	19020
19047	18813
18667	19269
19029	18914
18641	19302
18900	19033
19106	18735
19034	18879
18678	19238
18667	19269
18881	19075
18977	18953
18923	19020
18974	18954
18969	18989
19075	18804
19029	18914
18692	19235
19082	18792
19057	18805
18900	19033
18863	19095
19034	18879
18910	19031
19097	18784
19045	18863
18765	19172
19082	18792
18678	19238
18977	18953
18915	19029
18749	19225
18812	19164
19057	18805
18915	19029
18697	19230
19047	18813
19107	18668
19075	18804
18974	18954
18818	19097
19108	18660
18535	19326
18641	19302
19029	18914
18900	19033
18863	19095
19034	18879
19097	18784
19045	18863
18765	19172
18678	19238
18977	18953
18812	19164
19057	18805
18915	19029
18697	19230
19107	18668
18818	19097
19034	18879
18641	19302
18678	19238
18863	19095
18863	19095
18915	19029
18977	18953
18812	19164
18977	18953
19029	18914
18535	19326
18697	19230
18863	19095
18977	18953
18977	18953
19029	18914
19029	18914
19034	18879
19057	18805
19034	18879
18765	19172

18500	19316
19178	18613
18500	19316
18568	19301
18972	18949
19169	18633
18891	19052
19127	18638
18907	19005
18585	19274
19053	18809
18864	19055
18618	19271
19021	18877
18721	19199
19034	18843
18795	19130
18922	19002
18727	19181
19005	18880
18938	18976
18938	18976
19047	18826
19077	18785
18658	19239
18692	19229
19082	18750
18992	18888
18925	18981
18843	19078
18721	19199
19073	18797
18568	19301
19109	18679
18775	19142
18775	19142
18646	19245
18637	19267
18695	19226
18695	19226
18829	19094
19096	18702
19109	18679
18987	18910
18800	19108
18843	19078
18757	19152
18864	19055
19096	18702
18977	18930
18749	19169
18833	19083
19043	18838
19117	18664
19095	18718
18811	19095
18585	19274
19117	18664
18891	19052
18907	19005
19034	18843
18738	19174
18981	18918
19086	18738
19122	18651
19122	18651
18757	19152
18750	19159
18805	19097
18795	19130
19077	18785
18977	18930
19021	18877
18738	19174
19090	18727
19082	18750
18800	19108
19073	18797
19084	18739
18658	19239
18629	19269
18987	18910
18992	18888
19090	18727
18692	19229
18646	19245
18981	18918
18637	19267
18654	19242
18629	19269
19095	18718
19043	18838
18833	19083
18925	18981
18750	19159
18811	19095
18805	19097
18654	19242
18749	19169
18829	19094

18354	19324
19149	18478
18354	19324
19149	18478
18545	19264
19141	18592
18776	19148
18690	19152
18873	19020
19102	18712
18468	19271
18586	19242
18799	19120
19103	18661
18972	18912
18416	19293
19133	18638
18806	19055
18579	19245
18420	19280
18826	19021
18892	18997
18925	18975
18468	19271
19141	18592
18623	19202
19010	18838
18630	19191
18623	19202
19030	18834
18892	18997
18665	19176
19032	18809
18799	19120
18416	19293
18985	18863
19069	18765
19072	18742
18983	18881
18925	18975
19082	18731
18935	18952
19133	18638
18665	19176
18983	18881
19082	18731
18948	18923
18776	19148
18680	19172
18937	18931
19058	18782
18935	18952
19103	18661
19058	18782
18986	18849
18630	19191
18822	19045
18994	18845
19069	18765
19052	18796
19047	18798
18806	19055
19047	18798
18825	19030
18942	18929
18994	18845
18687	19160
18816	19046
18687	19160
19072	18742
18420	19280
19032	18809
18825	19030
18948	18923
18816	19046
18680	19172
19052	18796
18947	18926
18690	19152
19030	18834
18986	18849
18822	19045
18937	18931
18947	18926
18826	19021
19149	18478
19141	18592
18892	18997
19133	18638
19082	18731
19072	18742
18948	18923
19052	18796
18986	18849
18826	19021
19072	18742
19141	18592
19149	18478
19149	18478
19141	18592

19126	18587
19126	18587
18353	19422
18468	19367
18365	19389
18961	18915
18601	19255
18888	19003
18667	19252
18510	19329
19080	18752
19058	18778
18594	19293
18552	19313
18988	18872
18552	19313
18510	19329
19121	18648
18988	18872
18707	19188
18946	18931
18737	19180
19123	18601
19083	18703
18758	19162
18758	19162
18856	19038
18998	18839
18815	19104
19027	18804
18856	19038
18365	19389
19006	18826
19046	18783
19027	18804
18783	19139
18783	19139
18737	19180
19084	18680
18680	19238
18821	19081
19009	18816
18892	18991
19080	18752
18698	19209
18855	19047
18798	19124
18921	18939
18798	19124
18594	19293
18815	19104
19083	18703
18680	19238
18904	18970
18912	18956
19114	18652
19046	18783
18691	19222
19114	18652
18893	18979
18998	18839
18912	18956
19094	18669
18691	19222
18600	19272
18698	19209
18600	19272
18931	18936
18791	19134
19094	18669
18707	19188
18904	18970
18667	19252
19123	18601
18931	18936
19091	18679
18827	19073
19009	18816
18821	19081
18921	18939
18791	19134
18827	19073
18855	19047
18893	18979
19093	18671
19121	18648
19093	18671
18601	19255
19091	18679
19084	18680
19027	18804
18707	19188
18667	19252
19123	18601
18893	18979
19084	18680
18988	18872
18904	18970
18842	19068
18893	18979

19062	18798
18510	19324
18510	19324
19062	18798
18866	19111
18585	19302
18813	19118
18645	19228
18642	19278
18999	18847
18973	18884
18961	18887
18585	19302
18999	18847
18881	19064
18960	18932
18881	19064
18615	19280
18738	19175
18727	19193
18785	19152
18956	18945
18998	18861
18688	19218
18813	19118
18785	19152
18698	19195
18615	19280
18956	18945
18929	18970
18691	19198
18929	18970
18666	19225
18998	18861
18757	19164
18753	19172
18670	19220
18866	19111
18779	19157
18928	18971
18773	19159
18928	18971
18960	18932
18727	19193
18773	19159
18757	19164
18698	19195
18666	19225
18753	19172
18691	19198
18670	19220
18642	19278
18688	19218
18510	19324
19062	18798
18585	19302
18999	18847
18881	19064
18785	19152
18615	19280
18956	18945
18929	18970
18998	18861
18866	19111
18928	18971
18757	19164
18691	19198
18670	19220
18688	19218
18670	19220
18670	19220
18956	18945
18866	19111
18998	18861
18757	19164
18929	18970
18929	18970
18757	19164
18881	19064
18929	18970
18757	19164
18757	19164
18929	18970
18785	19152
18998	18861
18929	18970
18998	18861
18998	18861
18929	18970
18929	18970
18688	19218
18881	19064
18956	18945
18956	18945
18670	19220
18753	19172
18929	18970
18757	19164
18881	19064
18918	19033

19089	18676
19089	18676
18330	19331
18515	19301
18432	19314
19058	18717
18550	19263
18437	19305
18688	19188
18604	19249
19025	18805
18748	19160
19042	18755
18813	19103
18688	19188
18792	19133
19057	18754
19006	18813
18550	19263
18657	19207
18751	19146
18835	19079
18934	18934
18881	18990
18987	18859
18879	19020
18629	19208
18873	19030
18768	19135
18944	18905
18990	18842
18612	19225
18990	18842
18748	19160
18850	19054
18947	18890
18815	19092
18657	19207
18987	18859
18903	18979
18835	19079
18964	18883
18964	18883
18944	18905
18919	18943
18850	19054
19025	18805
19006	18813
18909	18969
18604	19249
18792	19133
18963	18889
18860	19036
18890	18985
18916	18953
18934	18934
18768	19135
18909	18969
18916	18953
19042	18755
18891	18980
18627	19217
18815	19092
18856	19044
18856	19044
18620	19222
18879	19020
18919	18943
18612	19225
18860	19036
18620	19222
18437	19305
18627	19217
18881	18990
18947	18890
18629	19208
19057	18754
18963	18889
18891	18980
18688	19188
18550	19263
18990	18842
18748	19160
18657	19207
18964	18883
18850	19054
18604	19249
18815	19092
18856	19044
18612	19225
18860	19036
18437	19305
18881	18990
18891	18980
19057	18754
18963	18889
18963	18889
18748	19160
18550	19263
18850	19054

18542	19177
18542	19177
18820	19037
18822	18977
19092	18599
19090	18674
18758	19040
18720	19100
18663	19119
18868	18968
18917	18912
18547	19161
19050	18690
18680	19106
19118	18562
19126	18547
18980	18813
19011	18748
18968	18845
18894	18921
18996	18806
18745	19062
18877	18943
18920	18885
19008	18776
19096	18568
18953	18861
18935	18884
19034	18725
18745	19062
18953	18861
18720	19100
19034	18725
19050	18690
19008	18776
18877	18943
19076	18675
19076	18675
18968	18845
18894	18921
19030	18746
18680	19106
18752	19054
18935	18884
18996	18806
18980	18813
18663	19119
18868	18968
19126	18547
19094	18583
18547	19161
19094	18583
19032	18740
18752	19054
18822	18977
18758	19040
19032	18740
19096	18568
19011	18748
18820	19037
18920	18885
19030	18746
19090	18674
18542	19177
18745	19062
18720	19100
19050	18690
19076	18675
18968	18845
18894	18921
18980	18813
18996	18806
19094	18583
19096	18568
19032	18740
19011	18748
18920	18885
19090	18674
18745	19062
18920	18885
18968	18845
18980	18813
18745	19062
19032	18740
19050	18690
19090	18674
19032	18740
19050	18690
19144	18521
18542	19177
18604	19151
18895	18903
18752	18932
18996	18776
18941	18830
18691	19020
19143	18481
19143	18481
18590	19149
18590	19149

18389	19380
19000	18788
18389	19380
18511	19358
18938	18867
18774	19124
18950	18805
18867	18971
18533	19295
18600	19294
18444	19362
18862	19015
18909	18922
18909	18922
18531	19305
18703	19198
18752	19126
18827	19044
18946	18840
18901	18959
18638	19257
18719	19179
18847	19033
18399	19378
18434	19364
18734	19156
18907	18950
18619	19277
18946	18840
18719	19179
18531	19305
18815	19049
18619	19277
18730	19157
18847	19033
18685	19199
18434	19364
18399	19378
18511	19358
18862	19015
18606	19285
18638	19257
18950	18805
18752	19126
18734	19156
18901	18959
18867	18971
18685	19199
18606	19285
18444	19362
18730	19157
18907	18950
18600	19294
18533	19295
18909	18922
18946	18840
18719	19179
18531	19305
18638	19257
18950	18805
18734	19156
18901	18959
18867	18971
18685	19199
18600	19294
18533	19295
18734	19156
18946	18840
18950	18805
18600	19294
18950	18805
18638	19257
18909	18922
18734	19156
18638	19257
18676	19236
18812	19078
18734	19156
18600	19294
18950	18805
18909	18922
18816	19024
18822	18981
18714	19173
18680	19182
18639	19235
18670	19206
18655	19216
18644	19223
18783	19068
18797	19061
18783	19068
18806	19052
18806	19052
18728	19092
18393	19274
18493	19255
18482	19262
18897	18793
18896	18888

18419	19340
18419	19340
18977	18752
18977	18752
18937	18866
18901	18886
18513	19273
18937	18866
18749	19114
18840	19005
18676	19178
18707	19117
18442	19317
18879	18932
18541	19257
18442	19317
18796	19071
18559	19236
18622	19207
18853	18956
18809	19039
18689	19129
18754	19102
18780	19080
18644	19184
18470	19291
18819	19024
18780	19080
18850	18972
18541	19257
18597	19220
18879	18932
18680	19157
18680	19157
18840	19005
18819	19024
18582	19232
18887	18907
18470	19291
18809	19039
18891	18889
18754	19102
18853	18956
18597	19220
18850	18972
18628	19189
18887	18907
18473	19283
18559	19236
18796	19071
18622	19207
18490	19281
18584	19227
18498	19280
18498	19280
18644	19184
18700	19127
18636	19188
18703	19126
18689	19129
18490	19281
18676	19178
18636	19188
18584	19227
18749	19114
18628	19189
18891	18889
18707	19117
18582	19232
18703	19126
18700	19127
18473	19283
18977	18752
18780	19080
18879	18932
18680	19157
18840	19005
18819	19024
18597	19220
18887	18907
18796	19071
18490	19281
18676	19178
18584	19227
18749	19114
18707	19117
18887	18907
18977	18752
18977	18752
18780	19080
18977	18752
18977	18752
18819	19024
18680	19157
18597	19220
18780	19080
18780	19080
18887	18907
18780	19080
18840	19005

18163	19453
19059	18694
18163	19453
19059	18694
18265	19380
18233	19411
18442	19358
18343	19379
18671	19212
18952	18901
18487	19332
18870	19016
18892	18979
18683	19168
18382	19361
18233	19411
18814	19067
18964	18868
18893	18937
19029	18729
18830	19025
18968	18822
18579	19271
18986	18785
18709	19157
18840	19023
18442	19358
18913	18910
18892	18979
18964	18868
18715	19134
18352	19369
19002	18774
18604	19235
18594	19257
18973	18815
19053	18710
18685	19164
18493	19306
18654	19214
18796	19081
18501	19303
18535	19286
18554	19273
18487	19332
19032	18716
18251	19393
18535	19286
19006	18767
18382	19361
18251	19393
19017	18756
18619	19232
18814	19067
18870	19016
18774	19082
18501	19303
18733	19116
18730	19126
18594	19257
18758	19103
18986	18785
18549	19283
19016	18757
18636	19215
18748	19113
18952	18901
18771	19085
18754	19106
18973	18815
18906	18917
18764	19092
18634	19217
18896	18929
18796	19081
18619	19232
18352	19369
18830	19025
18906	18917
18913	18910
18634	19217
18896	18929
18715	19134
18265	19380
18709	19157
18764	19092
18604	19235
19017	18756
19053	18710
18730	19126
18968	18822
18343	19379
19032	18716
18748	19113
18493	19306
18549	19283
18554	19273
18733	19116
18487	19332
18594	19257

18305	19467
19002	18828
19002	18828
18305	19467
18953	18841
18574	19312
18918	19003
18625	19273
18690	19240
18944	18894
18506	19340
18926	18951
18553	19328
18830	19098
18331	19445
18363	19432
18726	19198
18604	19282
18414	19406
18495	19358
18386	19408
18935	18918
18437	19378
18464	19371
18691	19210
18331	19445
18604	19282
18886	19004
18804	19111
18787	19146
18464	19371
18655	19250
18730	19173
18641	19253
18839	19068
18944	18894
18926	18951
18553	19328
18856	19042
18699	19209
18801	19123
18934	18927
18842	19056
18801	19123
18366	19426
18869	19014
18856	19042
18495	19358
18655	19250
18506	19340
18427	19385
18830	19098
18953	18841
18866	19026
18366	19426
18386	19408
18839	19068
18866	19026
18699	19209
18641	19253
18842	19056
18934	18927
18427	19385
18760	19151
18787	19146
18804	19111
18757	19155
18773	19149
18773	19149
18726	19198
18414	19406
18876	19011
18743	19158
18876	19011
18745	19157
18742	19169
18741	19170
18690	19240
18886	19004
18918	19003
18428	19381
18730	19173
18432	19380
18432	19380
18757	19155
18760	19151
18741	19170
18745	19157
18742	19169
18743	19158
18691	19210
18428	19381
18305	19467
18464	19371
18926	18951
18856	19042
18655	19250
18506	19340
18641	19253
18745	19157

19084	18629
19084	18629
18404	19312
18404	19312
18948	18910
18958	18833
18548	19258
18482	19307
19057	18680
18918	18919
18569	19242
18913	18948
19057	18680
18438	19310
18743	19126
18866	18990
18671	19188
18982	18796
19016	18730
19038	18701
19035	18722
18995	18792
18612	19221
18997	18765
18438	19310
18857	19005
18570	19227
18701	19157
18489	19270
19012	18751
18517	19262
18746	19113
18639	19206
18879	18960
18725	19156
18735	19148
18767	19108
18819	19035
18876	18981
18891	18952
18587	19223
18681	19169
18998	18756
18835	19018
18973	18811
18671	19188
18484	19286
18808	19066
18958	18833
18639	19206
19038	18701
18612	19221
18508	19265
18857	19005
18961	18818
18701	19157
18632	19207
18632	19207
18816	19053
18774	19098
18587	19223
18962	18815
18827	19033
18484	19286
18679	19178
18782	19076
18891	18952
18735	19148
18774	19098
18795	19073
18795	19073
18780	19085
18813	19054
18780	19085
18508	19265
18918	18919
18681	19169
18835	19018
18973	18811
18517	19262
18767	19108
18834	19023
18808	19066
19016	18730
18876	18981
18679	19178
18725	19156
19035	18722
18879	18960
18834	19023
18489	19270
18787	19075
18827	19033
18913	18948
19012	18751
18746	19113
18787	19075
18813	19054
18995	18792
18816	19053

18283	19442
19004	18834
19004	18834
18283	19442
18351	19414
18351	19414
18911	19007
18969	18861
18964	18912
18685	19244
18840	19065
18405	19398
18514	19349
18859	19063
18921	18982
18411	19391
18943	18960
18472	19371
18454	19384
18866	19033
18586	19318
18998	18851
18946	18936
18472	19371
18685	19244
18629	19257
18801	19116
18551	19328
18824	19087
18749	19168
18713	19217
18652	19254
18921	18982
18824	19087
18652	19254
18880	19010
18772	19155
18514	19349
18521	19338
18721	19193
18787	19140
18958	18929
18718	19215
18713	19217
18943	18960
18749	19168
18810	19112
18772	19155
18815	19105
18981	18854
18964	18912
18405	19398
18593	19307
18875	19030
18877	19013
18541	19330
18601	19286
18616	19277
18551	19328
18736	19180
18787	19140
18458	19378
18593	19307
18541	19330
18736	19180
18617	19271
18586	19318
18600	19292
18801	19116
18783	19146
18617	19271
18815	19105
18731	19187
18521	19338
18981	18854
18629	19257
18783	19146
18958	18929
18411	19391
18600	19292
18969	18861
18871	19031
18454	19384
18458	19378
18616	19277
18601	19286
18722	19191
18946	18936
18731	19187
18859	19063
18880	19010
18722	19191
18877	19013
18718	19215
18875	19030
18283	19442
18921	18982
18629	19257
18411	19391
18283	19442

18354	19397
19012	18775
19012	18775
18836	19103
18533	19339
18419	19345
18418	19368
18844	19040
18912	18931
18704	19172
18761	19161
18480	19343
18702	19210
18986	18794
18534	19305
18621	19276
18595	19277
18789	19125
18480	19343
18937	18912
18873	18976
18974	18831
18808	19110
18789	19125
18659	19226
18956	18875
18969	18841
18559	19302
18870	19000
18761	19161
18732	19168
18576	19288
18732	19168
18937	18912
18863	19001
18986	18794
18901	18962
18418	19368
18627	19250
18677	19222
18950	18890
18677	19222
18956	18875
18950	18890
18576	19288
18895	18968
18639	19227
18908	18950
18808	19110
18855	19025
18969	18841
18974	18831
18854	19035
18559	19302
18855	19025
18908	18950
18702	19210
18895	18968
18627	19250
18844	19040
18631	19242
18631	19242
18635	19234
18873	18976
18635	19234
18863	19001
18854	19035
18704	19172
18533	19339
18639	19227
18534	19305
18789	19125
18937	18912
18986	18794
18677	19222
18950	18890
18808	19110
18974	18831
18855	19025
18908	18950
18627	19250
18844	19040
18873	18976
18635	19234
18704	19172
18533	19339
18534	19305
18533	19339
18855	19025
18855	19025
18855	19025
18855	19025
18855	19025
18873	18976
18855	19025
18533	19339
18937	18912
18627	19250
18937	18912
18627	19250

18501	19276
19317	18381
18501	19276
18588	19243
19271	18448
18629	19195
19174	18653
18945	18992
18854	19072
19275	18405
19237	18519
19237	18519
18673	19193
19179	18617
19214	18609
18596	19211
18802	19084
18895	18995
19157	18694
19104	18769
18687	19162
18951	18953
18964	18940
19082	18785
19124	18736
19232	18560
18739	19129
18682	19178
19124	18736
18797	19105
19225	18573
19274	18445
19140	18712
18588	19243
18722	19145
19037	18852
19104	18769
19077	18812
19157	18694
19140	18712
19052	18846
18727	19144
19068	18827
18863	19031
18858	19059
19068	18827
19025	18855
18778	19114
18887	19015
18749	19120
19275	18405
19225	18573
18596	19211
19011	18909
19018	18879
18778	19114
19052	18846
18870	19024
18722	19145
18687	19162
18997	18918
19082	18785
18764	19119
19013	18892
19077	18812
19021	18864
19214	18609
18951	18953
18982	18926
18891	19008
19232	18560
18858	19059
18893	19003
18977	18929
18977	18929
18764	19119
18997	18918
18867	19028
18801	19094
19004	18912
18982	18926
19179	18617
18887	19015
19022	18863
18802	19084
18870	19024
18801	19094
18749	19120
19004	18912
19013	18892
18945	18992
19017	18884
19017	18884
18863	19031
19011	18909
18895	18995
19274	18445
18501	19276
19140	18712
18945	18992

18285	19357
19230	18427
18285	19357
19230	18427
18404	19316
19197	18459
19153	18575
19098	18615
18427	19273
18606	19220
18878	18989
18545	19232
18481	19256
19151	18600
18541	19252
19197	18459
18740	19119
19088	18676
18912	18950
19153	18575
18983	18862
18404	19316
18932	18869
18988	18805
18849	19012
18913	18900
18973	18864
18629	19179
18770	19094
18810	19017
18689	19138
18893	18956
18791	19023
18740	19119
18462	19270
18778	19066
19000	18769
18673	19141
18645	19170
18919	18891
19049	18731
18645	19170
19076	18700
18689	19138
18606	19220
19088	18676
19035	18750
18849	19012
19020	18751
19055	18708
18629	19179
18774	19067
18993	18795
18673	19141
18770	19094
19049	18731
19000	18769
19098	18615
18462	19270
18893	18956
19020	18751
19064	18701
18932	18869
18993	18795
18791	19023
18988	18805
18799	19019
19035	18750
18778	19066
19055	18708
19076	18700
18918	18897
18799	19019
19064	18701
18541	19252
18912	18950
18983	18862
18774	19067
18918	18897
19230	18427
18740	19119
18606	19220
18849	19012
19049	18731
18932	18869
19035	18750
18778	19066
18799	19019
19064	18701
18541	19252
18983	18862
18774	19067
18932	18869
19035	18750
19035	18750
18799	19019
19230	18427
18932	18869
18740	19119
18932	18869

19002	18722
18286	19298
19002	18722
18448	19250
18304	19279
18709	19119
18893	18886
18604	19155
18598	19186
18747	19041
18866	18960
18951	18786
18870	18927
18475	19230
18742	19065
18943	18829
18448	19250
18540	19196
18517	19219
18664	19141
18930	18860
18304	19279
18725	19077
18973	18740
18664	19141
18715	19086
18883	18916
18797	19008
18943	18829
18761	19018
18971	18759
18833	18977
18833	18977
18951	18786
18475	19230
18634	19147
18568	19194
18634	19147
18914	18872
18971	18759
18806	19000
18522	19206
18914	18872
18709	19119
18568	19194
18930	18860
18811	18985
18774	19012
18866	18960
18973	18740
18883	18916
18517	19219
18522	19206
18715	19086
18808	18989
18774	19012
18811	18985
18766	19015
18763	19017
18808	18989
18766	19015
19002	18722
18448	19250
18304	19279
18664	19141
18943	18829
18833	18977
18951	18786
18475	19230
18914	18872
18709	19119
18866	18960
18973	18740
18883	18916
18522	19206
18811	18985
18808	18989
18766	19015
18664	19141
18973	18740
18811	18985
18448	19250
18808	18989
18448	19250
18808	18989
18304	19279
18833	18977
18833	18977
18664	19141
18833	18977
18811	18985
18811	18985
18811	18985
18304	19279
18943	18829
18811	18985
18833	18977
18811	18985
18664	19141
18709	19119

18404	19304
19107	18558
19107	18558
18774	19127
19106	18648
18456	19294
18699	19138
18957	18869
18798	19069
18816	19032
18798	19069
18938	18903
19081	18667
19079	18702
18521	19247
18990	18808
18678	19149
19054	18721
18912	18908
18559	19231
19023	18731
18611	19212
18667	19181
18825	19000
18559	19231
19050	18725
18611	19212
18590	19228
18822	19025
18643	19191
18479	19273
18993	18771
19016	18750
18514	19268
18655	19184
18643	19191
18699	19138
18894	18934
18903	18931
18960	18841
18591	19223
18882	18957
18843	18994
18479	19273
18938	18903
18999	18757
18866	18969
18521	19247
18499	19270
18678	19149
19079	18702
19081	18667
18971	18819
18963	18829
18994	18764
19106	18648
18496	19272
18981	18817
18866	18969
18844	18987
18845	18978
18854	18974
18894	18934
18960	18841
18879	18958
18667	19181
18912	18908
19016	18750
18879	18958
18882	18957
19023	18731
18963	18829
18903	18931
18999	18757
18591	19223
18981	18817
18971	18819
18993	18771
18514	19268
18851	18977
18825	19000
18854	18974
18843	18994
18496	19272
18851	18977
18798	19069
18611	19212
18479	19273
19023	18731
18999	18757
18591	19223
18993	18771
18854	18974
18851	18977
18496	19272
18851	18977
18999	18757
18479	19273
19023	18731
18851	18977

18319	19414
19082	18455
18319	19414
19082	18455
18972	18771
19067	18619
18827	19009
18879	18985
18957	18845
19045	18704
19078	18561
18571	19271
18885	18901
18384	19381
18515	19291
18593	19248
18932	18876
18773	19058
19011	18724
19078	18561
18674	19188
18729	19141
18934	18849
18697	19153
19011	18724
18896	18877
18413	19336
19017	18708
18799	19046
18441	19335
18515	19291
18679	19168
18651	19192
18466	19323
18394	19369
18575	19254
18731	19107
18404	19341
18799	19046
18730	19125
18697	19153
18762	19090
19045	18704
18879	18985
18651	19192
18748	19101
18760	19092
18886	18885
18496	19300
18394	19369
18455	19326
18477	19312
18477	19312
18496	19300
18679	19168
18748	19101
18455	19326
18486	19304
18441	19335
18404	19341
18785	19051
18762	19090
18384	19381
18486	19304
18785	19051
18896	18877
18729	19141
18791	19050
19017	18708
18791	19050
18593	19248
18575	19254
18886	18885
18731	19107
18934	18849
18932	18876
19045	18704
18651	19192
18394	19369
18404	19341
18762	19090
19017	18708
18575	19254
18731	19107
18934	18849
18932	18876
18932	18876
18731	19107
18394	19369
18762	19090
18622	19221
18646	19203
18399	19360
18379	19390
18394	19369
18571	19271
18319	19414
18791	19050
18785	19051
18486	19304

18489	19272
19070	18689
18489	19272
19070	18689
18986	18879
18817	19125
19005	18819
18626	19257
18513	19264
18591	19261
19050	18728
18862	19080
19039	18788
19024	18799
18913	19005
18749	19163
18862	19080
18927	18967
19050	18728
18779	19127
18869	19047
18882	19016
18959	18908
18914	18977
18591	19261
18647	19222
18687	19197
18959	18908
18718	19166
18751	19137
18706	19186
18647	19222
18662	19200
18869	19047
18940	18952
18758	19134
18952	18923
18779	19127
18880	19028
18952	18923
18687	19197
19039	18788
18944	18940
18880	19028
18944	18940
18503	19269
18940	18952
18706	19186
18711	19173
18654	19202
18758	19134
18503	19269
18513	19264
18882	19016
18652	19204
18649	19214
18913	19005
18662	19200
18649	19214
18914	18977
18711	19173
18714	19170
18718	19166
18714	19170
18652	19204
18749	19163
18751	19137
19070	18689
18489	19272
18862	19080
19050	18728
18959	18908
18647	19222
18869	19047
18779	19127
18952	18923
18687	19197
18880	19028
18944	18940
18940	18952
18758	19134
18513	19264
18913	19005
18649	19214
18711	19173
18718	19166
18749	19163
19050	18728
19050	18728
18913	19005
18862	19080
19050	18728
19050	18728
18779	19127
18779	19127
18959	18908
18758	19134
19070	18689
18513	19264
18779	19127

18333	19319
19023	18625
18333	19319
19023	18625
18837	19037
18528	19265
18954	18879
19012	18710
18439	19270
18963	18797
18910	18936
18646	19210
18984	18718
18387	19288
19018	18634
18838	18971
18918	18896
18976	18773
18438	19286
18589	19211
18732	19125
18387	19288
18806	19070
18777	19109
18872	18937
18704	19163
18710	19143
18787	19081
18806	19070
18543	19235
18659	19172
18570	19229
18963	18797
18656	19194
18976	18773
18727	19139
18677	19169
18954	18879
18918	18896
18778	19105
18677	19169
18853	18964
18732	19125
18528	19265
18852	18970
18574	19219
18787	19081
18656	19194
18554	19233
18543	19235
18584	19218
18777	19109
18984	18718
18554	19233
19018	18634
18860	18954
18778	19105
18704	19163
18872	18937
18862	18946
18860	18954
18862	18946
18727	19139
18861	18947
18584	19218
18589	19211
18659	19172
18439	19270
18574	19219
18438	19286
18852	18970
18861	18947
18838	18971
19023	18625
18954	18879
18918	18896
18677	19169
18732	19125
18528	19265
18787	19081
18656	19194
18543	19235
18777	19109
18778	19105
18704	19163
18860	18954
18727	19139
18439	19270
18778	19105
18528	19265
18677	19169
18543	19235
18677	19169
18787	19081
18704	19163
18543	19235
18656	19194
19023	18625
18778	19105
18778	19105

18564	19274
19067	18669
19067	18669
18564	19274
18643	19190
18702	19182
19018	18811
19047	18740
19027	18742
18613	19212
18608	19240
18704	19130
18981	18819
18575	19254
18837	19038
18798	19083
18807	19045
18724	19113
18906	18944
18771	19086
18753	19101
18892	18967
18939	18924
18944	18902
18845	19033
18799	19058
18717	19128
18753	19101
18929	18926
18929	18926
18956	18858
18768	19096
18575	19254
18859	19007
18878	18992
18954	18883
19047	18740
18906	18944
18977	18842
18944	18902
18858	19011
18959	18857
18884	18983
18978	18839
18845	19033
18724	19113
18608	19240
18858	19011
18953	18884
18959	18857
18900	18959
18878	18992
18977	18842
18859	19007
18884	18983
18804	19053
19027	18742
18953	18884
18981	18819
18717	19128
18879	18988
18897	18961
18900	18959
18768	19096
18804	19053
18939	18924
18897	18961
18978	18839
18771	19086
18799	19058
18879	18988
18704	19130
18798	19083
18954	18883
18956	18858
18564	19274
18753	19101
18575	19254
18944	18902
18724	19113
18608	19240
18858	19011
18859	19007
18884	18983
19027	18742
18953	18884
18897	18961
18978	18839
18879	18988
18753	19101
18859	19007
18859	19007
18753	19101
18884	18983
18859	19007
18564	19274
18953	18884
18859	19007
18859	19007
18564	19274

19066	18614
18424	19340
18424	19340
18915	18924
18983	18917
19043	18785
19048	18700
18992	18866
19010	18855
19058	18620
19048	18700
18540	19303
18608	19255
19043	18785
18788	19143
18492	19313
18874	18992
18565	19275
18467	19331
18712	19202
18645	19233
18753	19144
18646	19219
18874	18992
18791	19112
19010	18855
18688	19211
18852	19021
18809	19093
18600	19260
18726	19173
18681	19215
18485	19323
18852	19021
18815	19068
18565	19275
18902	18959
18901	18964
18545	19294
18739	19159
18726	19173
18739	19159
18467	19331
18901	18964
18842	19043
18827	19054
18809	19093
18712	19202
18545	19294
18600	19260
18645	19233
18791	19112
18815	19068
18902	18959
18838	19050
18842	19043
18490	19314
18827	19054
19058	18620
18983	18917
18753	19144
18681	19215
18838	19050
18646	19219
18788	19143
18424	19340
19043	18785
19010	18855
18565	19275
18726	19173
18739	19159
18467	19331
18901	18964
18815	19068
18902	18959
18842	19043
18983	18917
18753	19144
18681	19215
18838	19050
18646	19219
18788	19143
18565	19275
18901	18964
18739	19159
18646	19219
18646	19219
18726	19173
18842	19043
18681	19215
18646	19219
18565	19275
18901	18964
18646	19219
18838	19050
18838	19050
18646	19219
18753	19144
18726	19173
18726	19173

18504	19281
19131	18654
19131	18654
18504	19281
18535	19278
19007	18952
18939	19016
19012	18893
18969	18970
18884	19070
19097	18766
18590	19259
18670	19230
18850	19072
19047	18848
18944	18995
19066	18840
18808	19147
19099	18729
18833	19119
18634	19231
18969	18970
19127	18681
19076	18777
18816	19126
18895	19043
19038	18878
18696	19209
18757	19178
18844	19092
18590	19259
19113	18684
19107	18703
18783	19148
18844	19092
18944	18995
19070	18813
18914	19030
18610	19248
19099	18729
18631	19238
19107	18703
18670	19230
18696	19209
19007	18952
18699	19199
18914	19030
18761	19157
19073	18796
18604	19256
18743	19186
18729	19189
19070	18813
19073	18796
18895	19043
19031	18885
18766	19154
18783	19148
18905	19034
18833	19119
19018	18888
18743	19186
19047	18848
19038	18878
18610	19248
18816	19126
18720	19196
18712	19198
18905	19034
19076	18777
18884	19070
19097	18766
18631	19238
19066	18840
18757	19178
18729	19189
18720	19196
19031	18885
18766	19154
19012	18893
18808	19147
18712	19198
18604	19256
19018	18888
19113	18684
18850	19072
19127	18681
18761	19157
18762	19156
18699	19199
18634	19231
18762	19156
18590	19259
18696	19209
19007	18952
18914	19030
18833	19119
18743	19186
18712	19198
19113	18684

18393	19333
18393	19333
19104	18487
19104	18487
19103	18605
18466	19325
18713	19160
18919	18907
19000	18761
18510	19283
18994	18806
18941	18905
18516	19254
18477	19299
18975	18814
18627	19183
18606	19229
18672	19164
18666	19174
18832	19029
19052	18672
18871	18963
18547	19253
18551	19241
18581	19240
18835	18999
19071	18627
18971	18842
18952	18865
18855	18972
18734	19121
19035	18712
18849	18996
19075	18616
19021	18746
18626	19198
18767	19083
18896	18937
18606	19229
18896	18937
19052	18672
18734	19121
18626	19198
18812	19035
18581	19240
18477	19299
18713	19160
19045	18684
19028	18732
18795	19042
18774	19068
18747	19094
19071	18627
18812	19035
18737	19112
18956	18858
19021	18746
18510	19283
19028	18732
19000	18761
18882	18953
19044	18704
18466	19325
18882	18953
18971	18842
18956	18858
18952	18865
18892	18945
18767	19083
18747	19094
19043	18708
18738	19100
18774	19068
18666	19174
18855	18972
18785	19060
18994	18806
18941	18905
18788	19057
19075	18616
18789	19050
18795	19042
19045	18684
18892	18945
19103	18605
18785	19060
18740	19097
18672	19164
18627	19183
18849	18996
18832	19029
18789	19050
19072	18623
18516	19254
19072	18623
18835	18999
18547	19253
18551	19241
18740	19097
19044	18704

18437	19308
19138	18719
19138	18719
18437	19308
18569	19303
18644	19236
18481	19306
18684	19214
19031	18868
18599	19281
18764	19164
18875	19081
19096	18763
19102	18743
19022	18887
19056	18813
18599	19281
18877	19039
19035	18832
18855	19094
18832	19118
18980	18923
19090	18784
18481	19306
18792	19154
18724	19193
18990	18891
18943	19004
18915	19016
18696	19202
18575	19289
18832	19118
18748	19177
18855	19094
18956	18951
18649	19235
18952	18977
18915	19016
18748	19177
18724	19193
19102	18743
18970	18927
18880	19032
18649	19235
18963	18946
18996	18888
19084	18793
18894	19028
19041	18831
18812	19132
18792	19154
18894	19028
19063	18802
18807	19138
18696	19202
18807	19138
18812	19132
18952	18977
18947	18991
18947	18991
19066	18800
18943	19004
18875	19081
19041	18831
18575	19289
18980	18923
19084	18793
18990	18891
18963	18946
18970	18927
19066	18800
18877	19039
18956	18951
18996	18888
19035	18832
19138	18719
18437	19308
18481	19306
18855	19094
18748	19177
18724	19193
19102	18743
18649	19235
18696	19202
18943	19004
18575	19289
18980	18923
19084	18793
18877	19039
19035	18832
18481	19306
18437	19308
18748	19177
19084	18793
18481	19306
19102	18743
18696	19202
18748	19177
18696	19202
18481	19306

