1.545461575147180300e+00,1.333652116164832035e+00
1.206640611638289284e+00,1.218852767769466272e+00
5.292048286944029956e-01,3.845723131274860207e-01
3.622025938852280191e-01,1.042671774192613643e-01
3.092952724971447243e-01,8.717678797794195522e-02
3.234556219727600657e-01,8.653886324467163771e-02
3.192912813979587039e-01,9.370498440305931320e-02
3.179058030469021356e-01,9.815757594874557901e-02
3.179232901083311469e-01,1.178147472936876133e-01
3.179863964629776607e-01,1.212467520081892680e-01
3.061144155798216637e-01,1.259536602265155791e-01
2.979912008755026265e-01,1.230124360467882566e-01
2.954896918283070328e-01,1.285123929211007543e-01
2.857574533619215429e-01,1.296008914878996332e-01
2.849978337992972732e-01,1.294527817488724530e-01
2.843882534191342626e-01,1.279073315969764535e-01
2.680959681671494788e-01,1.280444340591999075e-01
2.711896914895162713e-01,1.267150242908189617e-01
2.249424337540508745e-01,1.233162922747740586e-01
2.234634172496082205e-01,1.231746200825165061e-01
2.045080639708896364e-01,1.200830918204076753e-01
2.055133115600342730e-01,1.158895808443810571e-01
1.833648552794170383e-01,1.136093417253124238e-01
1.776420437573521527e-01,1.081890456878937395e-01
8.700737193959749705e-02,1.067684406305518668e-01
8.704751430593213324e-02,1.046735810522796128e-01
7.660168179861248650e-02,1.018569324997446041e-01
7.563610614984898894e-02,9.848364709859053212e-02
7.329468548943245121e-02,9.362452640964491479e-02
7.493234346498987841e-02,9.121118466873280595e-02
7.091050160438507055e-02,8.654155215333618478e-02
7.073586026832240359e-02,8.374668524574435668e-02
6.914046565964387936e-02,7.449057663991345835e-02
7.094038661725247941e-02,7.102140887214768161e-02
7.181759249159541669e-02,6.727599288047965420e-02
6.818298921992310690e-02,6.750113021067374874e-02
6.844738218863119505e-02,6.720885340361613947e-02
6.741191325991914562e-02,6.416266607082943274e-02
7.025525353359488023e-02,6.356437118099525496e-02
6.794816427849623142e-02,5.805726399060093940e-02
6.942961708666633980e-02,5.686505476498299183e-02
7.103364094341112212e-02,5.539277864989695932e-02
6.833984286535471631e-02,4.602131724075483182e-02
6.909542927999183515e-02,4.473174005004654924e-02
6.758282583795877096e-02,3.550508291200878130e-02
6.889002312482182810e-02,3.417065327373781242e-02
6.908344517999211176e-02,3.382488966539456965e-02
7.046301934364636310e-02,2.921967773896155460e-02
7.233909824140533074e-02,2.094492004205218347e-02
7.128049396285913997e-02,2.185935383290331033e-02
6.861249420699243318e-02,2.211825627878909184e-02
6.840920162591763998e-02,2.135652300391439537e-02
6.850852140838487037e-02,6.414534155618769988e-03
6.813917213734643763e-02,8.217797146177470077e-03
6.950780661636993263e-02,1.198094933187296082e-02
6.832216649194086666e-02,6.552417757537156752e-03
7.098223353215024622e-02,6.658646368092500760e-03
6.973831168230783251e-02,6.307069282221379296e-03
6.795983442339209590e-02,6.665048204798532973e-03
6.900485665811025016e-02,4.083314268528679541e-03
6.935510769584612989e-02,4.648823305785087200e-03
6.893036865396159896e-02,4.785224992238126113e-03
6.809548702929123232e-02,5.027223692813279771e-03
6.766596758537977985e-02,4.402630829521952255e-03
6.726413697521414770e-02,4.818715911310167410e-03
6.897703296339471879e-02,7.963258131716213425e-03
6.835791699928311926e-02,6.162985895050046396e-03
6.921615838115512120e-02,5.041619455581383170e-03
6.870640991461272884e-02,5.670150364810637098e-03
6.788248544895296444e-02,4.880094730063172861e-03
6.793708591139212272e-02,6.050003915461882494e-03
6.836619867726596855e-02,4.634557351209521621e-03
6.844779746085871697e-02,4.186632502537161217e-03
6.880272428223256631e-02,5.288977955887738149e-03
6.940334154729940752e-02,6.323675576681115143e-03
6.730077076031076855e-02,5.043443892627774532e-03
6.790289208053346126e-02,5.164554574654962524e-03
7.103154807678005445e-02,5.507968844778867758e-03
6.807706841144280097e-02,3.198540410797433547e-03
6.823682760378056711e-02,6.695164408593121987e-03
6.927164342372693628e-02,5.039058770389006833e-03
7.079202775328623243e-02,5.607504325288118624e-03
6.808241797531494610e-02,5.709713782026820846e-03
6.841387347324406898e-02,6.311760120411961245e-03
6.901367300760910539e-02,6.001890116947457103e-03
6.835519612306982518e-02,6.641387053836553603e-03
7.047830936072334296e-02,5.012750393756312990e-03
7.019737094504624464e-02,4.596810167281868698e-03
7.005151970541148576e-02,4.837829086011340499e-03
7.128142610154822312e-02,5.785447280504117315e-03
6.860625613694286418e-02,4.894906516450503974e-03
6.848792235240300230e-02,4.998636831845004215e-03
6.817373633417328493e-02,5.628077231130915181e-03
6.869006232222116259e-02,6.239482518520950323e-03
7.069424265496677962e-02,5.980281784940597381e-03
6.758112124953007116e-02,6.824060684905243479e-03
6.847168262832796504e-02,6.588383646862059316e-03
6.814725001871989318e-02,6.246595784510449410e-03
6.847409536288079357e-02,8.018356721793776579e-03
6.901496699560230597e-02,5.756516511675102178e-03
6.902340201005847942e-02,5.419297796375031027e-03
6.915254852196739410e-02,4.642790584976751872e-03
6.967254535681245697e-02,6.807647326090010900e-03
7.189364269237896732e-02,6.115802638087732002e-03
6.828492740097369396e-02,4.333799098967769034e-03
6.754527909617248638e-02,5.092212850079781347e-03
6.956785395028421137e-02,7.259722563029099608e-03
6.919195606640367313e-02,6.200903424286726209e-03
7.066619496519431498e-02,4.863560521415027753e-03
7.082893351616856292e-02,8.328209302290504740e-03
6.935426038440449525e-02,6.486297876114498033e-03
6.965349277150514884e-02,4.092152758712708921e-03
7.091552131493140954e-02,4.772026135575587608e-03
7.149836363043252097e-02,8.048259755016077752e-03
6.854463461490381548e-02,7.116523220226075690e-03
6.795315906812758600e-02,4.546443960599348168e-03
6.717991261138525627e-02,4.494979143187948986e-03
6.956374984924637572e-02,5.200215196345978758e-03
6.796309900198969911e-02,5.363873753524634087e-03
6.963708983267405395e-02,7.655392952975115066e-03
6.961469204131694177e-02,6.615566457249078686e-03
6.878269922746499399e-02,6.925247473035317340e-03
7.019262511400993498e-02,8.694515771241490693e-03
7.089510427235290457e-02,7.614704391544992526e-03
6.797694781232492545e-02,5.687492536277353843e-03
6.888985948223018407e-02,5.800380826892314982e-03
6.936541827934357418e-02,7.188772420996215710e-03
6.772976570574325283e-02,5.385556930781576490e-03
6.936080141256716070e-02,6.021343584636170386e-03
6.714043137076113055e-02,4.234593469683409390e-03
6.760025845133238453e-02,3.816578947784657772e-03
6.783078959178133471e-02,4.095317931847338236e-03
6.800383253912532788e-02,6.244202084372020567e-03
6.936512335273058161e-02,6.206565709656624956e-03
6.807940962018659004e-02,7.071020657147157780e-03
6.923794847076197856e-02,8.343638078838087543e-03
6.952137414513848146e-02,6.178425208083130130e-03
7.063841128138162451e-02,4.038499118814388097e-03
6.929251369872413413e-02,4.922481038784044804e-03
6.734668067401372582e-02,6.159624162838666858e-03
6.820759700242820522e-02,4.527006857324953303e-03
6.683150150819591739e-02,4.912405196570920028e-03
6.756668898270855317e-02,5.387620560144946134e-03
6.827223621947083043e-02,4.540349783444122891e-03
7.011904209877729832e-02,4.509174067572671758e-03
6.821993191055765460e-02,5.880584228736833625e-03
6.971710223551935703e-02,5.872873091880941900e-03
6.949149557174151559e-02,5.439485531837325027e-03
6.711531687221233833e-02,5.203575178560592741e-03
6.930140834326913024e-02,5.898477741392827399e-03
6.953831551450495585e-02,6.748808785443752810e-03
6.800335572763663294e-02,5.379426243782296085e-03
6.977278743827071417e-02,6.261783171948445866e-03
6.899338139384296464e-02,5.361994349243523993e-03
6.878098810306176869e-02,5.712623459048736529e-03
6.799138318811596970e-02,4.756139417458471810e-03
6.833445539988802775e-02,6.914384335494845428e-03
6.986196652460692491e-02,8.438756224570308911e-03
7.092913046913160158e-02,7.836371018756635096e-03
6.840295506484612986e-02,5.517313397221574461e-03
6.813188895559885161e-02,5.073189682430766928e-03
6.869286335140292743e-02,6.343446935534468450e-03
6.938000547176939592e-02,5.568825152522808089e-03
6.964724763582151590e-02,1.035979870541903908e-02
6.893986756675181404e-02,7.396895236840603238e-03
6.962943569073754002e-02,6.785906605693182644e-03
6.650535974322992205e-02,5.586819815674718553e-03
6.775048101876560147e-02,7.933871028176506593e-03
6.761906297501470153e-02,7.761285017252613980e-03
6.809114077473757409e-02,5.138663682356989400e-03
6.902702823650228026e-02,5.184564469331542393e-03
6.743111330077548871e-02,6.163120676694821935e-03
6.787336892188534920e-02,3.833208895224112130e-03
7.028888842820037175e-02,6.005186433934829940e-03
6.835696352348159810e-02,4.697185514256615145e-03
6.782136996600054979e-02,5.012393883800772554e-03
6.726510141130520593e-02,5.387857866364203704e-03
6.725537362420178078e-02,6.465809704683713605e-03
6.933194083527752238e-02,5.680429538040937185e-03
6.923682585668571032e-02,6.843994568523906717e-03
6.981193604424389132e-02,6.368106281984202595e-03
6.811377542794393170e-02,4.244768850035988104e-03
6.818992808925476712e-02,6.239698561032036919e-03
6.907576866336198607e-02,5.079377546470670302e-03
7.020435630543771233e-02,5.652799468798925045e-03
6.801131859555276105e-02,6.065169831993648050e-03
6.561981313602406607e-02,6.185503528020063618e-03
6.835851456032991658e-02,5.397727187467054634e-03
6.724615234286011878e-02,5.346825674326392830e-03
6.756397213790228673e-02,5.818025549471810172e-03
6.960205018954966627e-02,7.650779921558136139e-03
6.970712485498270494e-02,7.195759856988928962e-03
6.858036021282459815e-02,5.874238059723478275e-03
6.714651826349284092e-02,4.442274522685649499e-03
6.703793585437402280e-02,4.012857187816787179e-03
6.716735662812470253e-02,4.593783261996646321e-03
6.731867842077451924e-02,4.378775978166489329e-03
6.843833892005000974e-02,3.941716240752845234e-03
6.804481635922185467e-02,8.001761269535561868e-03
6.956363716887831172e-02,8.478760926075185403e-03
6.782146053709407763e-02,5.260458328522991771e-03
6.895904005508722567e-02,4.631973742597614643e-03
6.762380216328457705e-02,5.745184237619861689e-03
6.978080266579078650e-02,4.878807375651126287e-03
6.859986226858751091e-02,5.058362746735585967e-03
6.762309128051675888e-02,5.512037887679079561e-03
6.878158432388396804e-02,6.082190561514043067e-03
7.043517559733451783e-02,7.061679766787218315e-03
7.105020310025524088e-02,6.565881039774699134e-03
7.051573812729880486e-02,4.970732170564102180e-03
7.141795961161589990e-02,6.804787202692912443e-03
7.070089161432271951e-02,6.316051538176489961e-03
6.902856333223368612e-02,4.934221419512587782e-03
7.001691472934501448e-02,4.309115885157063612e-03
6.992462969859780664e-02,6.247017395313328621e-03
7.046470948678097701e-02,5.443096552351599053e-03
6.991162550559726352e-02,7.871318562166816982e-03
6.920526485315839360e-02,6.842919632744311198e-03
7.061542746144858218e-02,6.368022222777577727e-03
6.974301131255419839e-02,3.706281996734746027e-03
6.694102764543935491e-02,4.408100523795208461e-03
6.700618849223598239e-02,4.783508294409011610e-03
6.836140135208100543e-02,7.831184631403838650e-03
7.027298382545346667e-02,5.660597206847473896e-03
6.911160404403418611e-02,5.024529307379084660e-03
6.908462565172988901e-02,6.368624306288361674e-03
6.913973592863316420e-02,6.204229985920082895e-03
6.925809047582628941e-02,6.623910874539474906e-03
6.755512967395529977e-02,6.534584788593777484e-03
6.567528220629784141e-02,5.525550948832482802e-03
6.687878324847805478e-02,5.499655521762161249e-03
6.831910777732799755e-02,4.555938006874989989e-03
7.012463365223442491e-02,4.261962708266850766e-03
7.093319627042855846e-02,4.995526095389326779e-03
6.824720029821521039e-02,5.717859150465067972e-03
6.985660826112126409e-02,5.781510265077075862e-03
6.875149426401755415e-02,6.648076565385063579e-03
6.933580249629343883e-02,5.748686593761606102e-03
6.853823232937690524e-02,6.683291104713530439e-03
7.004036449609209181e-02,5.712560318441903262e-03
6.830513186329124908e-02,5.567802103462523439e-03
6.787384200733241613e-02,6.012400142697412256e-03
6.867020521495156848e-02,6.866501646737391620e-03
6.917660968260963550e-02,9.243178614529451095e-03
6.837858284152542598e-02,9.282759430953668386e-03
6.947152942177579893e-02,4.756482856360703081e-03
7.040229996925881362e-02,6.453033356778310400e-03
7.439275513577629784e-02,7.756589968870230938e-03
6.979741210731307821e-02,5.508608331702509985e-03
6.868599236020926646e-02,6.450590920715751006e-03
7.010956438075123531e-02,5.257850873594760444e-03
6.899845802963644470e-02,4.973871609558668666e-03
6.821384714377791425e-02,4.287307519523861181e-03
6.805935278110016029e-02,4.180556849470632060e-03
6.741399746010884320e-02,5.305633788151693786e-03
6.896808298003280491e-02,1.017309842163337773e-02
6.961357067434409407e-02,6.946557131428065385e-03
6.742032385397173089e-02,6.083836280757032658e-03
6.809068120826441972e-02,4.770420214157045438e-03
6.845319321911393085e-02,4.880340368434867189e-03
6.826408237793708811e-02,7.145663707209371808e-03
6.914445270862096260e-02,6.532039422022291146e-03
6.808821221892226438e-02,5.099077613113712180e-03
6.711996433037464849e-02,4.894604751903950009e-03
7.083954475346074253e-02,6.883671956213340340e-03
6.922954191344815600e-02,7.328763214754726446e-03
6.812983218350261716e-02,7.238638885286557967e-03
6.772100394300120674e-02,6.793745146732307200e-03
6.832014573453853989e-02,5.768233715858510705e-03
6.940378238063200922e-02,4.785825594385045151e-03
6.916218726319477150e-02,5.040385402573342374e-03
6.785013563995026531e-02,4.219292861646841905e-03
6.941814229664590441e-02,9.652425833146663706e-03
6.984040437263097645e-02,9.080283761489976735e-03
6.792234064651847536e-02,7.755489323159988312e-03
6.691604869771292097e-02,7.725410264070795875e-03
6.873932267324042722e-02,6.230205370862923649e-03
6.980461988326690237e-02,6.633446603374235431e-03
7.076095017272404641e-02,5.755279700660416269e-03
6.903361133626320645e-02,5.733875480238141177e-03
6.779195057694327453e-02,5.694538767182550851e-03
6.870531155081506525e-02,8.395235794955945713e-03
6.887001218691501947e-02,9.282127860315327050e-03
6.669064708971546296e-02,7.212772957756938969e-03
6.886449973532189628e-02,6.108578922045205736e-03
6.709245591371584827e-02,6.071819558622520638e-03
6.591718308800448289e-02,5.709117154774449865e-03
7.017692474022010907e-02,9.535741897963394970e-03
7.067610065120925877e-02,1.148529534762601258e-02
7.423495389825633672e-02,6.918409372753194994e-03
7.080966960461433646e-02,5.108844208124146795e-03
7.040730174864909263e-02,6.892096266922885170e-03
6.849593736413119027e-02,4.644017626709080748e-03
6.759725764529171677e-02,7.937904486475662671e-03
7.030299069606261997e-02,7.244075773065047734e-03
6.898973438253117041e-02,6.213939785190567867e-03
6.969304257655141444e-02,7.783510350041080751e-03
6.822210418288716938e-02,6.499786626962478046e-03
6.831747325672775373e-02,6.052158158899183932e-03
6.878928427921163213e-02,6.217052949191405851e-03
7.101976656586353465e-02,6.716222764813628218e-03
7.128065019881069109e-02,5.970214928993194600e-03
7.144416203339715166e-02,6.442493347919819348e-03
6.993779192482241225e-02,5.931174924446284275e-03
6.920993777042559747e-02,5.220965022464519982e-03
6.831162295735389300e-02,5.964306009081784751e-03
6.828033105843983597e-02,4.373762031189569813e-03
6.837275190812917847e-02,4.460624926969740389e-03
6.739817367447589747e-02,4.119713294075282028e-03
6.803284806762993631e-02,4.933416649595471527e-03
6.651710415317170499e-02,4.693920474513972249e-03
6.770855627337520055e-02,5.082281100686820985e-03
6.694420311093733644e-02,4.755696347832771495e-03
6.783907349753323657e-02,6.231347446830528235e-03
6.706391182728217715e-02,5.401323244978471078e-03
6.733333150597226036e-02,5.372519193990230209e-03
6.872341846926535713e-02,4.253060734983745220e-03
6.758797075556036149e-02,1.379923036141497521e-02
6.764549644200347489e-02,6.619006540598667589e-03
6.807998176921814526e-02,8.793857040993564855e-03
6.858071758617730052e-02,7.476102720999981167e-03
6.877418223897617533e-02,5.078638651316656760e-03
6.848231581709662841e-02,5.224159139737687488e-03
6.916842712451554132e-02,6.659752987401850940e-03
6.932136983058458102e-02,5.667971989122318720e-03
6.851234247289920976e-02,5.012961048116767321e-03
6.930231119784345528e-02,5.837166617469321736e-03
6.873249278127420425e-02,5.868966649158150611e-03
6.986505243636932649e-02,6.090631990590987706e-03
6.835440390872117578e-02,6.065511997630804349e-03
6.907030213942172425e-02,5.121115514652725687e-03
6.843502033246708083e-02,4.854011576264175357e-03
6.891866164346838186e-02,6.505574018047263415e-03
6.692023948205561013e-02,4.018946716988644474e-03
6.872761478949500347e-02,4.754944987663044763e-03
6.787587272882537881e-02,5.807726786916688096e-03
6.829436249875432685e-02,6.200760854743985265e-03
6.926465740695487983e-02,6.217190941195334386e-03
6.792420821982628198e-02,7.008402319633907397e-03
6.767456399045425341e-02,5.555243008426562906e-03
6.912842969208865540e-02,5.140536619061761292e-03
6.936302023601628730e-02,7.711440270070849326e-03
6.880127351608443520e-02,9.429841653081231026e-03
6.993043380064961623e-02,9.508897140578514637e-03
6.811402603725727478e-02,7.988182480333519409e-03
6.910473765796713852e-02,7.329253809475369530e-03
6.887919496779902617e-02,4.984406523183239172e-03
7.078276830365472228e-02,5.156316216210828085e-03
6.879985023329468485e-02,5.484326347988217540e-03
6.820617275807909496e-02,4.707783690985468603e-03
6.724548980882455451e-02,3.813623370049329647e-03
6.805498718371411071e-02,6.564427551810878524e-03
6.761524402282459434e-02,4.695980683578499133e-03
6.785427712279679113e-02,5.840288079154916032e-03
6.726261971243402416e-02,5.327915844979007678e-03
7.008807662762538138e-02,5.407665524802126103e-03
6.807479007629252399e-02,4.642000872629920005e-03
6.674658114189442604e-02,4.711994638734019400e-03
6.820997137801107502e-02,5.652098205228221935e-03
6.855109822683146115e-02,9.831619679139945445e-03
6.754905273367745044e-02,1.037875527199111185e-02
6.954730485875287860e-02,8.999272334679673732e-03
6.821318612592454367e-02,6.450699156085087406e-03
6.779414623704285714e-02,4.985225778471568704e-03
6.864202928989734942e-02,6.588595358234044901e-03
6.787645247641173329e-02,5.669452910965358874e-03
6.959014887498531088e-02,4.155521308501945905e-03
6.826517592814207447e-02,6.027517214510095915e-03
6.921073392682478009e-02,8.033523814724077144e-03
7.089431015594459262e-02,5.373289017943681974e-03
6.895316697631337366e-02,4.951765853915339813e-03
6.767455331704502752e-02,5.798993055204384149e-03
6.688633236462569742e-02,4.706698590279312019e-03
6.669739984885535156e-02,6.646011020778815580e-03
6.685394614593383189e-02,5.579551367502726469e-03
6.687126768799904475e-02,8.627170494022642216e-03
6.842255270373612253e-02,1.078950054876032932e-02
6.971875309623173922e-02,5.930062436235915280e-03
6.874580541333154271e-02,5.360486279128058584e-03
6.731914085184960428e-02,4.565503842024045376e-03
6.745178432385758038e-02,4.377058382817688650e-03
6.856344591273313971e-02,4.948917272396065499e-03
6.864204318221552026e-02,8.682416709590794202e-03
6.834793313733346365e-02,9.383409065507495803e-03
6.987277440798018990e-02,1.012435542478032531e-02
6.751879644671969494e-02,6.256246702563853478e-03
6.830984987147203924e-02,5.589087659079093780e-03
6.968684271375774619e-02,6.808091628582768791e-03
6.853874848799162978e-02,6.313695569284552903e-03
6.668687399227282708e-02,8.554119158376347412e-03
6.703529674681489581e-02,7.291837111848936161e-03
6.785072229229330287e-02,7.335156191213118917e-03
6.757039689904102697e-02,6.795078907007056669e-03
6.650496541547544493e-02,5.831660357267071625e-03
6.845862350547186892e-02,4.641934365179694114e-03
6.758377072334807723e-02,4.813107591428693842e-03
6.908701612746599718e-02,4.921130407903402150e-03
6.940064134066871449e-02,5.095390292837157289e-03
6.767627068963338877e-02,6.645081861304778965e-03
7.011194434728572344e-02,7.974465761899576441e-03
6.839848569540160628e-02,7.453662288748880496e-03
6.851551385750533074e-02,8.294491461049859071e-03
6.736455865218513028e-02,7.837100677929628723e-03
6.940351685794336756e-02,6.820329826247064665e-03
6.701757371495506432e-02,5.837753659849415772e-03
6.603118452806810978e-02,6.902802652849520521e-03
6.694692596303154775e-02,5.502168066715793469e-03
6.826965127475739803e-02,6.735569053151477421e-03
7.071575676310531966e-02,8.386761011713697242e-03
7.049024196486486371e-02,7.881563605753087731e-03
6.906463102113009900e-02,6.121456004551966389e-03
7.001005574734034398e-02,6.358213009881185859e-03
6.874230530980018905e-02,6.940745109924348170e-03
6.968478488990773045e-02,6.907518454558283019e-03
6.852108330660711122e-02,5.210792241069942335e-03
7.020260560370233938e-02,4.189519828288620039e-03
7.043063290442469482e-02,5.123460425645092776e-03
7.154080723820360754e-02,5.701315522194065968e-03
6.937572724402379931e-02,6.475967706941956371e-03
6.893072413614201310e-02,6.446450062140781506e-03
6.981279086569687486e-02,8.104329804825954539e-03
7.134835426656019330e-02,7.982184764137860433e-03
6.989880366278014567e-02,6.674779908447204223e-03
6.644603109231474181e-02,6.927477051702114405e-03
6.812344732274151771e-02,6.922581218792669445e-03
6.799245806248721546e-02,8.272064677671539523e-03
6.817639406572903460e-02,6.801452684945988314e-03
6.887760149246191510e-02,4.887839951398724285e-03
7.039613631770902380e-02,4.434421470951607595e-03
6.869192523275582940e-02,5.574130315853328792e-03
6.975271196804708196e-02,5.712728364832195954e-03
6.826510017535469821e-02,5.601599135371933789e-03
6.688856469382647996e-02,6.218448537965637866e-03
6.751031015949469916e-02,7.116106251084030818e-03
6.889933336328681046e-02,3.162149392980327916e-03
6.934181650453939694e-02,4.987759433372952571e-03
6.794418654191779205e-02,5.717376247925213921e-03
6.845822203734391875e-02,8.171212383039399424e-03
6.754606420640750508e-02,8.627054212411711803e-03
6.937747428709344077e-02,5.485873430281846229e-03
6.878346280812409896e-02,6.228679951012111062e-03
6.802739884189573649e-02,6.469999374987744564e-03
6.485788718685009391e-02,5.074772462181122330e-03
6.817839404601903908e-02,5.354692880062173616e-03
6.879294686400919123e-02,9.869279560362135065e-03
7.048500513386582456e-02,6.346432650839449983e-03
7.159114491930584911e-02,6.477535242841539823e-03
6.994272937876888641e-02,6.282343252648126507e-03
7.016877427697607028e-02,7.493920249597296225e-03
6.968015118601303404e-02,5.995431822291138677e-03
7.010940366819895520e-02,6.699420008024332268e-03
6.908622845577366833e-02,7.639978856070277560e-03
6.788223682901117773e-02,7.085207465669966613e-03
7.085204656232238496e-02,5.727195580313579337e-03
6.965509238844012907e-02,6.150395068683557447e-03
6.816022986424258301e-02,5.431542516176911251e-03
6.992197316638527893e-02,5.088020376213537276e-03
6.838567036817358447e-02,5.581185506241897153e-03
6.932763250011632350e-02,5.772076131310953546e-03
6.737025203768280679e-02,4.916942991249798924e-03
6.691138157427203859e-02,5.106235022873226517e-03
6.712729167084627302e-02,5.145702650814618605e-03
6.847455207456394632e-02,7.176320765528976069e-03
6.835439701108976529e-02,8.945750819469414777e-03
6.906248671278415741e-02,6.179576684384235040e-03
6.839707068412091695e-02,6.442745691155680153e-03
6.768841979620617011e-02,4.521282118285415048e-03
6.792939267984896001e-02,7.595313079736510167e-03
6.759898646676969214e-02,6.629338485468202341e-03
6.738914770609251426e-02,5.709249581901344392e-03
6.697331286122706895e-02,5.429107105290689218e-03
6.816009331890987566e-02,5.954488505518008498e-03
6.909237760843325860e-02,5.481163406128427597e-03
6.932279745901241685e-02,6.218333964243190869e-03
6.821270001735861566e-02,4.457342892188026137e-03
6.843910597808544605e-02,4.327661326331068946e-03
6.746825583806978499e-02,5.415413545383930723e-03
6.915159465023298924e-02,5.785196434150497932e-03
6.838677938730511330e-02,5.731377748429797477e-03
6.795372016532336135e-02,5.277901091155460557e-03
6.864278662950806797e-02,5.671005193697771160e-03
6.916370884567953070e-02,5.158722232888269567e-03
6.766598459281039646e-02,5.355191718302594953e-03
6.951132875020495094e-02,5.507058672955951820e-03
6.752442728469185140e-02,5.576617525783450491e-03
6.731974812790643414e-02,5.944270281989938974e-03
6.832157215078539514e-02,5.405074319494315715e-03
6.872791692475455072e-02,4.196134770836682480e-03
6.888677502148198017e-02,3.747868671144054080e-03
6.895276899635972845e-02,4.500979143172984323e-03
6.798674190597962796e-02,5.201997011324754373e-03
6.823206406570019034e-02,8.115918396106249974e-03
6.849834193938741933e-02,5.404126288668630214e-03
6.818638219993010396e-02,4.784121321198547480e-03
6.792253093254052576e-02,4.946577260754143716e-03
6.606680218253448145e-02,5.138220050718835148e-03
6.705430777476588389e-02,4.576879451574729710e-03
6.725733765507997675e-02,5.785283368513650590e-03
6.880499742817841602e-02,6.086167971341940874e-03
7.063524446059438189e-02,6.048587101566859324e-03
7.083600272285438260e-02,7.107041472211647094e-03
6.970433288410793349e-02,5.302200539977095124e-03
6.943520694309311680e-02,4.390357893968380339e-03
6.909217777083136169e-02,4.391768900071606543e-03
6.851407208227765222e-02,7.650268254518427166e-03
6.794711093110269995e-02,6.909951463192431573e-03
7.037971543254707696e-02,6.238966469323460606e-03
6.936555263937484173e-02,5.723340303980262340e-03
6.814503765709722938e-02,5.861426341858004888e-03
6.930891612425557624e-02,5.013217011164833314e-03
6.782125471450441145e-02,4.264327799390670894e-03
6.707380518706056172e-02,4.462775151404688688e-03
6.770039686946548174e-02,4.705294058639708163e-03
6.798928709090494571e-02,5.332685587506818571e-03
6.829744525461640958e-02,4.417401534328934884e-03
6.940728657595131301e-02,5.503451146784939588e-03
6.888443852617610885e-02,4.545967872439575161e-03
6.857445457497714225e-02,4.779839591341658936e-03
6.865758568623157865e-02,5.282644602274038335e-03
7.114381990995692628e-02,5.155028903206867671e-03
6.985010742545279261e-02,6.243346859047255518e-03
6.768428104615069330e-02,5.771517448403072799e-03
6.914256126499836175e-02,4.684972411207498529e-03
6.746844368087877297e-02,7.703164606866953583e-03
6.802029112684560008e-02,8.896907932420011766e-03
6.901561195763776524e-02,6.413628384420423656e-03
6.870218730705736354e-02,5.210228337688868963e-03
6.800484126154897335e-02,4.037836414800645597e-03
6.781421404936480157e-02,5.445827757177753095e-03
6.924546475612215757e-02,6.078781546012880857e-03
6.861920933246344612e-02,8.819331853837344276e-03
6.996936357908013771e-02,7.588757878460928794e-03
6.698544914572178433e-02,5.773353968986465884e-03
6.884882503463508885e-02,6.216173536664632189e-03
6.986084774017856103e-02,5.633281618853707394e-03
6.730056656370807244e-02,6.337924789359088498e-03
6.873006634728154318e-02,5.934277255825235950e-03
6.714739801940197705e-02,5.206987446275920459e-03
6.753238265447333855e-02,4.157227205202423080e-03
6.857093426896350430e-02,3.749841284698555380e-03
6.945539811116600848e-02,6.478369931898235110e-03
7.005066334331998268e-02,5.605078047074211166e-03
6.938019457184328720e-02,4.899424026842662087e-03
6.958273881676620143e-02,4.464316499316264841e-03
6.702456947084110828e-02,4.714731069210330826e-03
6.890313632876236827e-02,8.622027569413930059e-03
6.789616563137601535e-02,7.660695174818441325e-03
7.178176829027339834e-02,7.097019154693927356e-03
7.027998774274224481e-02,6.318154088692875398e-03
7.042501217081019449e-02,6.095895129585417530e-03
6.957527767270718644e-02,6.184544601388105266e-03
6.842947065825896735e-02,5.854713559173912139e-03
7.084404321678719474e-02,5.344706786317690930e-03
6.936224024066274529e-02,5.293420617050603391e-03
6.823151045290032357e-02,5.531790765358735561e-03
6.897996764252171953e-02,4.873720020559444560e-03
6.965582985810013505e-02,6.701282491817139343e-03
6.920530675167305135e-02,7.079946345945364525e-03
6.948731980060823821e-02,6.469999337805832501e-03
6.758212528285183207e-02,5.263872520561991251e-03
6.746298878958056910e-02,5.316229195990167244e-03
6.801064529955236360e-02,5.068387422385214197e-03
6.772854879571811593e-02,8.595489776370625334e-03
6.817828117690334644e-02,7.294960736684823026e-03
7.008435584278781272e-02,4.980905239124686079e-03
6.906476402835694250e-02,4.931244969986934949e-03
6.702461986737821842e-02,5.039409078842711776e-03
6.805855786032256882e-02,3.858124402049365690e-03
6.764188009908862764e-02,5.633812590999331266e-03
6.880497824249663663e-02,4.433503163750034462e-03
6.954777028959692464e-02,5.051527965630110695e-03
6.964290967243755293e-02,6.870803033039309116e-03
7.010244115423303057e-02,5.776507645690535063e-03
6.918374986893019440e-02,5.677750060931819991e-03
6.777423860138288847e-02,5.392070401755339609e-03
6.682022073382368199e-02,4.941081102461285061e-03
6.898702114464975998e-02,6.145185264280765731e-03
6.874604311147362867e-02,5.249364482905918665e-03
6.880870597798155464e-02,7.338711713510605132e-03
6.856219990825160315e-02,5.279448622726930739e-03
6.850401350460366690e-02,5.454717513439902993e-03
6.880975630055707892e-02,8.274698850131590594e-03
6.951348516540810374e-02,9.008630086939625747e-03
7.013342817272544272e-02,6.344569678359267620e-03
6.893517059796649971e-02,7.310908623996077542e-03
6.769040321432896745e-02,7.892949782713079912e-03
6.995636773499738781e-02,7.358515670265191808e-03
6.821869891815962594e-02,4.491654705983825525e-03
6.845586601630102019e-02,4.467654199021738048e-03
6.834149580002162050e-02,4.857268635407021792e-03
6.765826233257479783e-02,4.739839437349060644e-03
6.933615627261884018e-02,4.143604486196749044e-03
7.025162206418267274e-02,5.353317230323950682e-03
6.940848798205617731e-02,4.686867507357238630e-03
7.055863468914559677e-02,5.880741145915170665e-03
6.714608054480493415e-02,5.355479722075845092e-03
7.030712941855286890e-02,6.375536395690474534e-03
6.883705891900328278e-02,6.689652069580453303e-03
6.974068164236142675e-02,6.642482190597659951e-03
6.739697141330405761e-02,8.424103300214185602e-03
6.886796862724980928e-02,5.117315185381956198e-03
6.873793111816342560e-02,6.910770740981238280e-03
7.031562737974415833e-02,1.085407549098107126e-02
7.233306029906054480e-02,8.393910900703504055e-03
6.938590881016137857e-02,7.375678686150867990e-03
6.873684475224058066e-02,4.508660934077234235e-03
6.812784330301448199e-02,6.183115932695396055e-03
6.686556910110094676e-02,6.311586577971474606e-03
6.758174666561159172e-02,5.183157906859447647e-03
6.776970647856284113e-02,5.032931653759040863e-03
6.975461981546951518e-02,4.803004214395231210e-03
6.930392932134579742e-02,5.223031917496657149e-03
6.702187006154629312e-02,6.171758697416900551e-03
6.588313427438970138e-02,5.172655844948462721e-03
6.704234563087721477e-02,5.942867500459356363e-03
6.967242396354320078e-02,5.684966491528056602e-03
6.868327567517938659e-02,6.585090615098948379e-03
6.876314152891747911e-02,7.511488183843272395e-03
6.828126331324058107e-02,5.808673108298557930e-03
6.964358737120780740e-02,6.986762822050405705e-03
6.681443888053655022e-02,4.821780130065621804e-03
6.802737652835967597e-02,4.468997799226792980e-03
6.962012428553722432e-02,5.167467602163747058e-03
6.768526910636112059e-02,7.306750547493183479e-03
6.933960738749873898e-02,7.437373521502562215e-03
7.083973804512544437e-02,6.144938301175102181e-03
6.890325253159791663e-02,9.345075115806466409e-03
7.086497064264728196e-02,8.687025277121099634e-03
6.875648817857832329e-02,5.697918828647446400e-03
6.947307028634712445e-02,6.724571115939227336e-03
6.762693051151157098e-02,5.133981208049152693e-03
6.781264959869151565e-02,4.545149861427426850e-03
7.006711959145185686e-02,4.888599521830429978e-03
7.002902668026164679e-02,4.748968709395211089e-03
6.839154368538472029e-02,5.604292393382449312e-03
6.868746207389195280e-02,6.531728432992980546e-03
6.850330007420456224e-02,6.967149418420004112e-03
6.891831716618961046e-02,5.536598756072971805e-03
6.786983218598009737e-02,4.576502666615019782e-03
6.754336248103301465e-02,4.546148901083851487e-03
7.003039097556651438e-02,5.723007957747832872e-03
6.893037353885038410e-02,4.790925309740651228e-03
6.981100501983833473e-02,5.901857619341013307e-03
6.878134600513850783e-02,5.471677646029512315e-03
6.824539814275815131e-02,5.984936232436019812e-03
6.848952647412527572e-02,5.251507213132726622e-03
6.979404544306787306e-02,5.636558211590405633e-03
6.958662544414516427e-02,5.148866805603946606e-03
6.754764364432228052e-02,1.001365464580408933e-02
6.681487549640614809e-02,5.503711671737907159e-03
6.851679505435766260e-02,4.918363112588505608e-03
6.829641563458471731e-02,4.770229605110832931e-03
6.800305206394764712e-02,4.150371693268647272e-03
6.723709079838832703e-02,4.556379709009301948e-03
6.865344957207214494e-02,4.696279234947091548e-03
6.834585635313973617e-02,5.052649431117710310e-03
6.807711356702761396e-02,6.740164103192668697e-03
6.903098067794538606e-02,6.716397453143996971e-03
6.849248756614938205e-02,6.130193435792479287e-03
7.048392192261623834e-02,5.647560065414877761e-03
6.865495792698046718e-02,5.267701123899659263e-03
6.626169508083393223e-02,5.304333906578952151e-03
6.700412551806424200e-02,5.124237375967590630e-03
6.777355104204846326e-02,4.272430795487119556e-03
6.883452611603542437e-02,5.328593804664703316e-03
6.754171333192965365e-02,4.553277089585782041e-03
6.704994779985382070e-02,6.512602310556523354e-03
6.668529624988800419e-02,5.387948550597186810e-03
6.717929834419898716e-02,5.248788455728971812e-03
6.820350880243439273e-02,5.920251515478818123e-03
6.907414531350064557e-02,7.585966017755213509e-03
6.940421592403656081e-02,6.110790921768543063e-03
6.978686519487180273e-02,4.234022297528141493e-03
6.967230451138455016e-02,6.941794871593605712e-03
6.852541528930637671e-02,5.966323864529052452e-03
6.858504736661436008e-02,6.835810951011348120e-03
7.006570727595085035e-02,6.497437674441938066e-03
6.947435844974352015e-02,7.247236732863904761e-03
6.821207233127822567e-02,5.447621752567296388e-03
6.756793977639756477e-02,5.033209747696295797e-03
6.787095189939842954e-02,6.189656954881603453e-03
7.000881843879976085e-02,6.518417214608422487e-03
6.896543111056012421e-02,6.525476689147631862e-03
7.154699607503328673e-02,7.044929350730413584e-03
6.914792986906879990e-02,5.240422799090016168e-03
7.042784406700777766e-02,5.703565940008058222e-03
6.902848320502624757e-02,6.443294299510717894e-03
6.688940519965716480e-02,5.624637725957734070e-03
6.852299018057522728e-02,5.414677534589949250e-03
6.872387596185342007e-02,6.008910581033546916e-03
6.931205169971046964e-02,5.966457621005842767e-03
7.010126403270203199e-02,5.163466687317236348e-03
6.893333952702489220e-02,6.249037277658097723e-03
7.023503561512318971e-02,4.694838692267598070e-03
6.883822312314487324e-02,7.228731691048483586e-03
6.859638089759560742e-02,4.876191080339014293e-03
7.023939327033498770e-02,6.363469718920404181e-03
6.959433867541599261e-02,5.690295859438142777e-03
6.888033777300413274e-02,5.024915198237025343e-03
6.804641876260977829e-02,6.185500390539735993e-03
6.667109087372639908e-02,7.881803164940330217e-03
6.835736597709529683e-02,8.219075471977456415e-03
6.835809138310978972e-02,7.711223551146317509e-03
6.698884477602000398e-02,7.143870266607252849e-03
6.799803116692658411e-02,5.109961996699558494e-03
6.918126473627929374e-02,5.862662644534452107e-03
7.023402714727093599e-02,6.961302398192853631e-03
6.888045696189790124e-02,4.731846413896488752e-03
6.895459319989045988e-02,5.718803564223469763e-03
6.785554522342318595e-02,3.643730983460679619e-03
6.841550646485988763e-02,4.496013587939471506e-03
6.901692453448267373e-02,4.984424699007984627e-03
6.835696280403331937e-02,5.186891391041444782e-03
6.768054109600980806e-02,7.133080485695186303e-03
6.681131755126885896e-02,5.238422868557494547e-03
6.876278850783042185e-02,7.521758557543461836e-03
6.873383010928064973e-02,9.879800465031498766e-03
6.813756748561766718e-02,7.828050019282438085e-03
6.915410288567554187e-02,7.370024933120212368e-03
6.991957012227013879e-02,6.712307208805359110e-03
6.807690215995172711e-02,6.054589553969013868e-03
6.952492145716729355e-02,6.349356901125767332e-03
6.772805541949213082e-02,4.912508181543734365e-03
6.831498683719498810e-02,5.689760842793625123e-03
6.700207187720277902e-02,5.804174601922559157e-03
6.946922280350170675e-02,6.010175542874912971e-03
6.946977002339237151e-02,4.624000249732963114e-03
7.178194640704226026e-02,5.829732422780955006e-03
6.956465376491527408e-02,6.909121536631021576e-03
6.862703565960168173e-02,6.682063782814662289e-03
6.941795761715867374e-02,5.509015856421900330e-03
6.910003233778375109e-02,5.847611055885318897e-03
6.951349928230246555e-02,6.933316697522015105e-03
6.961565447579221022e-02,5.229799421306689441e-03
6.830428960115486614e-02,5.621148589816811134e-03
6.800504004047139284e-02,5.035555057425185853e-03
6.774639980495143765e-02,4.878125557074629998e-03
6.877792655230562102e-02,7.379396659498192908e-03
6.696122483057555252e-02,5.772932321593127712e-03
6.745668177223160256e-02,5.799546838575866774e-03
6.597492277145600159e-02,4.556767841608942021e-03
6.677834274704169681e-02,6.332167454945797705e-03
6.752275369325677623e-02,5.082220307650413098e-03
6.898175734315831198e-02,6.741728361542879619e-03
7.134997007638378685e-02,5.683388233327174577e-03
6.814451760418824278e-02,6.911456908243561806e-03
6.863452316497874184e-02,4.570166188983467402e-03
6.951802701193267320e-02,4.661870443654509213e-03
7.011264781885762076e-02,5.299896849612555777e-03
6.994939483658582646e-02,4.472813392459871855e-03
6.902424454374757323e-02,5.133085597412286212e-03
6.850533264224997754e-02,4.800242286546815493e-03
6.875504508964982997e-02,4.635317374969421741e-03
6.778817403230613658e-02,5.532495019018678246e-03
6.953303316748603302e-02,5.118014950920572043e-03
6.850697174541207912e-02,4.189685418134681677e-03
6.798100845443494356e-02,4.421466351489905522e-03
6.660202635916787073e-02,4.920682004478780201e-03
6.724226307060049423e-02,4.729069747970673920e-03
6.662678368368200876e-02,6.771778591540844952e-03
6.918249583483659926e-02,6.263035298413514515e-03
6.885004962021833153e-02,6.372693406551883759e-03
6.870465546509213484e-02,5.523392127913652125e-03
7.096736009858554961e-02,5.371361214191235772e-03
6.941895609335511919e-02,5.113728568497853504e-03
6.942916155405529088e-02,5.026483185647084503e-03
6.897104590283602288e-02,4.760770230725634017e-03
6.747315237185105841e-02,4.206892362868715381e-03
6.961793579576283642e-02,4.156983202477615782e-03
6.751655442804213592e-02,4.291436859427049527e-03
6.948489026062586171e-02,3.952213542315436909e-03
7.091127125484938953e-02,5.610382187062460703e-03
6.898022741727322105e-02,5.285164041176711527e-03
7.004704415377882576e-02,6.319397418412955360e-03
7.076009244217894290e-02,5.970114930920001999e-03
7.082027962221761064e-02,5.347002000209597102e-03
6.747664564651634223e-02,5.317435305548664191e-03
6.926249019989817735e-02,5.059204252178668010e-03
6.904152143353751991e-02,5.415749949401450769e-03
6.964510790311402577e-02,6.197498294195997494e-03
6.958615133022748311e-02,6.944504369933034507e-03
6.935835125151758318e-02,5.368707528299240632e-03
6.809110518556392433e-02,4.682243503446151950e-03
6.960925685712955613e-02,3.424238577397297530e-03
6.822705048625293811e-02,4.127652331373247302e-03
7.085142242953988700e-02,5.062855426332575799e-03
6.863512635561007380e-02,5.220638451702834526e-03
6.821390101481965285e-02,6.743641417043436115e-03
6.855014347027410526e-02,6.424871524210912059e-03
6.871383937457968549e-02,5.691280828636671382e-03
6.870221829325061369e-02,6.323316146907074879e-03
6.798659397657802472e-02,4.950802539575066726e-03
6.597299680822982237e-02,4.644823647948512733e-03
6.769430382289247372e-02,5.123245387823223418e-03
6.654263558045613036e-02,8.751482617482897811e-03
6.662566087305429874e-02,8.263958863819463943e-03
6.705533154939405382e-02,7.073258379922297417e-03
7.015820819407440900e-02,5.328537685994325090e-03
6.941651996554434878e-02,6.177069935504267244e-03
7.228201225148808695e-02,6.998490538300801075e-03
7.032665531961447558e-02,7.550583644755335527e-03
6.963289293467030128e-02,5.988042835161624597e-03
6.924454908849121682e-02,7.779456878731066775e-03
6.747658236409946608e-02,7.404422635156683238e-03
6.868269061342091586e-02,3.115576309258585863e-03
6.669067833830222281e-02,4.391129638021809556e-03
6.621211367620140342e-02,5.082600680812833678e-03
6.808339549955459702e-02,4.302560456255819128e-03
7.024084280159606508e-02,5.916538982546810238e-03
6.788351707011278102e-02,7.584580842578791081e-03
6.888688940550993789e-02,7.087976710314528722e-03
6.849553948149270099e-02,3.987387535026952652e-03
6.803368042561713791e-02,4.972996941521853898e-03
6.773807340720079673e-02,5.319031720043953387e-03
6.944026126393380849e-02,4.730358732851503920e-03
6.957994903412889620e-02,5.092635934576913125e-03
6.918241949281465908e-02,4.575264263342077205e-03
6.838137931795705560e-02,6.102890481819983788e-03
6.864674526741054716e-02,6.000510448390032267e-03
6.878310337317335155e-02,1.203880520626849325e-02
6.838459197654114807e-02,8.560562118715113120e-03
6.984016892247937869e-02,7.946929763958035867e-03
6.932377115012466895e-02,6.936990721803748365e-03
7.142579764282686039e-02,5.565335148764455862e-03
7.285345632993714404e-02,5.046855156319683157e-03
7.137242041838132156e-02,6.217572318656084361e-03
6.974502712407221194e-02,5.370942943926679952e-03
6.964578203406211754e-02,6.392954869524542817e-03
7.035987270983075359e-02,7.857019308501812446e-03
6.774341879107877162e-02,7.249034559886059943e-03
6.889180856662659169e-02,5.846296533487829392e-03
6.971029599514390329e-02,6.143863533259756940e-03
6.839670787464041668e-02,5.791638613242721355e-03
6.907453567872930134e-02,9.415748536410811428e-03
6.954469629924037166e-02,7.474144906308143391e-03
7.039242315877777822e-02,6.843732479862986093e-03
6.928404380909637672e-02,8.139192252111616260e-03
6.828619857466025622e-02,6.791960840508809785e-03
6.781269358386131374e-02,5.409915992815217574e-03
6.801771298422812362e-02,5.370903636692648045e-03
6.720289749929954370e-02,4.304776037477517359e-03
6.930535095617125496e-02,4.447604414384667172e-03
6.869503616827689341e-02,5.200691308774892281e-03
6.848241219915639222e-02,6.498741668782533412e-03
7.005418964623555400e-02,6.397963926565843583e-03
6.812486317580734863e-02,4.293431818306420351e-03
6.878400607168243253e-02,6.131865651240603343e-03
6.921591931299739264e-02,5.657951678510933675e-03
7.002167174839782349e-02,5.323626025686845585e-03
7.026183979055602991e-02,6.099822818867089123e-03
6.807634477600582601e-02,4.830446005659849718e-03
6.775440196692945893e-02,5.940106006606858842e-03
6.827156902960654361e-02,7.832945114929282249e-03
7.028593865459788204e-02,6.306297794532538491e-03
7.121338914724743840e-02,7.289438720940808435e-03
6.912386982148363557e-02,5.545203880241265579e-03
6.729892949795099333e-02,4.837402484504304927e-03
6.831693227991737782e-02,5.024769080078912362e-03
6.753151280100642972e-02,5.865153198818498677e-03
6.775052453438290545e-02,6.370880476299332212e-03
6.902755637658289367e-02,6.367687847828274079e-03
6.853304277344646200e-02,5.863272763823176685e-03
7.045516803153230312e-02,4.892371956575571751e-03
6.898782232496476763e-02,5.718261570350061107e-03
7.277748613961707025e-02,7.432785865115035077e-03
7.023940134807887814e-02,5.361551321541184294e-03
7.057564480253829264e-02,6.599237901897980763e-03
7.093569346243897011e-02,4.959957675249031250e-03
6.971134264854410290e-02,6.489982460770194611e-03
6.805804876626908584e-02,7.268020802259064772e-03
6.784561593055160600e-02,5.570119608955709754e-03
6.773219631845432687e-02,9.049531228997159324e-03
7.010089143482320373e-02,8.996504067114205472e-03
6.913574369125280450e-02,8.784416741540868392e-03
6.907295239100487427e-02,5.310600420054567908e-03
6.955744653098493158e-02,5.892398706769731362e-03
6.901555943783851954e-02,4.509272495144365546e-03
6.746941238746083369e-02,5.019408595432060805e-03
6.742148387466566362e-02,6.297784090990524858e-03
6.754066549696315092e-02,4.892242678125649155e-03
6.743161957955341734e-02,4.542061416668940685e-03
6.549977677208271287e-02,5.748875848765058749e-03
6.735194113302389596e-02,3.926282421704981387e-03
6.786421382993303164e-02,4.591837736607871576e-03
6.881312709593824517e-02,5.336985823192823622e-03
6.901424668081547475e-02,6.901075994523765862e-03
6.993393174598376560e-02,5.951625876078981379e-03
6.982062112937842402e-02,4.630362277824801205e-03
6.837864794879403019e-02,5.447054074824880451e-03
6.851657893735743632e-02,6.261098585548044611e-03
6.823437788296633777e-02,5.128178420770984625e-03
6.961452551790513199e-02,5.424150706648134083e-03
6.742092361224148733e-02,4.968761975944605003e-03
7.104413111301073613e-02,7.311474878998936236e-03
6.859847775186277141e-02,5.729409970631314450e-03
6.700530559832949817e-02,8.030224766496818142e-03
6.874131045780151883e-02,6.143546290126729661e-03
6.801366166539707381e-02,6.097314963096464938e-03
6.848626025529283567e-02,6.290354007249371847e-03
6.834466677933317968e-02,4.939961231084474998e-03
6.682276422049461539e-02,4.638608504612865176e-03
6.875505213823342177e-02,5.728933119321362108e-03
6.865460229173950268e-02,4.025535520557494903e-03
6.881241430324191999e-02,4.659450887854454763e-03
6.925588919471496741e-02,5.761971207444732679e-03
6.929610194209621932e-02,4.593809829329239744e-03
6.985757780653169269e-02,5.127344535483227030e-03
6.730189716787494947e-02,5.108763458470205916e-03
6.868734818837078648e-02,4.589535341772432026e-03
6.796623835370160793e-02,5.749030657902906224e-03
6.659666845554280956e-02,4.764060088689081769e-03
7.006943149745539778e-02,4.554980341505888812e-03
6.778509149888541085e-02,6.443132109491514666e-03
6.820802170490605776e-02,6.947937598107149261e-03
6.893833229788511041e-02,5.850856206135245791e-03
6.851613449105531384e-02,5.412569824294041765e-03
6.714026939699092866e-02,6.690326321278438661e-03
6.847870801751133885e-02,3.958007338387236132e-03
6.941729377403596524e-02,5.622032025933016916e-03
6.835554063048776552e-02,1.139423799811572872e-02
6.892831399713719720e-02,6.205007687628013788e-03
6.781820420069997746e-02,4.462249710241418359e-03
7.009246802692574441e-02,7.008442212639767049e-03
6.969913728654897334e-02,7.181707517038928880e-03
6.736418990184338262e-02,5.828260401617876146e-03
6.725362574180308861e-02,7.483758105512772207e-03
6.887594647717901197e-02,6.658031024635823782e-03
6.986088707522876418e-02,5.391776977255458882e-03
6.769834875350444481e-02,5.932732220512053518e-03
6.818289648508643608e-02,6.389891216947529359e-03
6.897285805693810501e-02,4.362534109122562058e-03
6.783945139279153047e-02,4.921822846895697844e-03
6.896271720987803833e-02,4.516831700223782400e-03
6.704765984111518695e-02,4.131259141003351329e-03
6.773730327135926710e-02,3.575741347535774800e-03
6.820546901777889415e-02,4.956411337388079257e-03
6.759253129921972969e-02,6.209441098689585589e-03
6.857016473783254795e-02,5.314043018401207706e-03
6.900219876750827985e-02,6.389085232852912376e-03
6.740588555935164705e-02,7.832479548189663632e-03
6.930494172794686436e-02,4.744896258203856049e-03
6.841062370912767698e-02,4.491518983835470456e-03
6.851142574064812696e-02,5.706301125884567088e-03
6.896294771107072674e-02,4.843548298173202746e-03
6.981850099182534963e-02,4.970512865400864531e-03
6.728440758567576230e-02,4.852899858766293248e-03
7.010027999711589131e-02,4.835429393354763287e-03
6.835547921261682369e-02,6.313277003924580230e-03
6.945372118969592168e-02,7.794849764113090905e-03
6.957356754524235409e-02,6.462732845930118167e-03
6.941425331929873543e-02,5.737489768995083020e-03
6.894848823564728169e-02,6.606643356238938239e-03
6.819933204658096271e-02,6.317761519215316438e-03
6.911844492402995088e-02,4.254424451890464857e-03
6.790636486951774631e-02,4.224681828364654744e-03
6.809757315536059397e-02,6.014141560957394876e-03
7.019798026871532093e-02,5.419625755020837481e-03
6.879368374494701510e-02,4.470747220818216752e-03
6.832428396271253423e-02,4.376188652238603878e-03
6.984797697464038835e-02,4.918674835089102519e-03
6.911243321499553616e-02,6.248267209803363108e-03
6.830641995832739677e-02,5.143200598742377408e-03
6.994653795096375526e-02,5.744032977843684107e-03
6.953071502273254489e-02,5.547960246850069249e-03
6.868215869546785701e-02,5.342602710379687481e-03
7.009210384586811449e-02,5.787238898524040866e-03
6.940677303632764028e-02,8.549495685753354113e-03
6.801241764102534948e-02,4.633346952268664956e-03
6.780570820351559946e-02,4.442288926499344225e-03
6.806768488895406644e-02,3.915709136723970543e-03
6.772961829984641691e-02,4.977273336737963842e-03
6.862345984538753552e-02,7.265220663038858377e-03
6.781617417812531301e-02,6.441202046529564094e-03
6.967900075617060318e-02,5.517901847623703400e-03
7.037110704102322867e-02,6.229333357801665125e-03
6.913747855747574833e-02,6.158233895877340131e-03
6.887534861196092928e-02,5.975413930804985771e-03
6.742611978095887360e-02,5.525728316589845202e-03
6.823189511104367500e-02,4.338553742683074962e-03
6.921318915388124937e-02,4.806318357593709380e-03
7.024177583455247509e-02,4.154721708734029038e-03
7.168899995570789108e-02,6.367484165705121144e-03
6.813818913571276226e-02,7.708902667551609592e-03
6.729733209267545202e-02,6.445371176841588334e-03
6.790423988707522396e-02,4.921996345681814433e-03
6.835781540427399161e-02,7.031632345889752070e-03
6.934149352543983458e-02,6.149177539742280846e-03
6.811415406578141818e-02,5.886160143973243573e-03
6.733877886714252636e-02,5.951245933569734511e-03
6.919256310459816206e-02,4.577881738474500958e-03
6.928694542212857077e-02,7.701369382832569041e-03
6.788241830870753168e-02,6.056268877774199748e-03
6.838486563433142373e-02,6.069924631859858685e-03
6.906628281065861630e-02,4.398386336971357724e-03
6.726467924920664920e-02,4.514761749456063997e-03
6.795966875183587219e-02,5.232075230578653487e-03
6.825743948300007358e-02,6.070560315709746559e-03
6.804151981032986740e-02,6.548831584746509643e-03
6.729308364556123301e-02,7.240926652910978714e-03
6.811150120533746022e-02,9.923669987104449808e-03
